Text,,,,,,
"#情人节# #巧克力# #葡萄酒# #香槟# #虎头毯# #杜蕾斯#
浪漫情人节 199积分爱兴兑换——爱你就“要久久”在一起
礼品兑换方式：
1、点击礼品图片登录积分商城（O网页链接）自助兑换；
2、编辑短信“CCCQ空格礼品短信代码空格卡号末四位”发送至95561自助兑换。详情见下图，友情链接： 展开全文c",,,,,,
有好久没编辑文字了，先在这里向我未来的看友们道个歉；最近一直在看动漫，有点沉寂了，插上耳机听一首喜欢的歌曲，点击键盘上的文字感觉，一直有关文案的所有一直没有放下，最赞的文案还是#杜蕾斯#的别出心裁，让人总是眼前一亮，有更多的新鲜感；其次就是#江小白#的文案还是那么句句扎心，一语点中人 展开全文c,,,,,,
#杜蕾斯##脑洞大开# 杜蕾斯官方微博宣布：杜蕾斯首次进军游戏业！杜蕾斯表示将于12月17日线上发布，从官方放出的两张预热海报中，#海报# 我们能够看到老一代掌机及《俄罗斯方块》《超级玛丽》等经典童年游戏。#杜蕾斯首次进军游戏业##杜蕾斯那点事# 厉害了，我的蕾丝哥，开始#毁童年# 啦 展开全文c,,,,,,
#警察# 叔叔的文案，竟然比#杜蕾斯# 还牛！ 2福州·金峰万花筒广告策划,,,,,,
#杜蕾斯#坚韧不拔～,,,,,,
"杜蕾斯避孕套超薄安全套情趣型持久装阴蒂刺激男用带刺旗舰店官方【包邮】
【在售价】49.80元
【券后价】29.80元
【下单链接】O网页链接
-----------------
复制这条信息，￥rrjN0ofwlNW￥ ，打开【手机淘宝】即可查看#杜蕾斯# @杜蕾斯官方微博",,,,,,
#刷单# 商家送了盒杜蕾斯无处可藏 放在哪里都不安全 我还是把它烧了吧#杜蕾斯#,,,,,,
"宝宝不开心了
#杜蕾斯##杜绝胡说#",,,,,,
厌倦老一“套”？#杜蕾斯#魔法装情趣系列18只装，#玩刺激#，自有百变花样。凸点螺纹，增强摩擦快感；螺纹热感，刺激火热爆点；螺纹凉感，沁凉激爽；香滑草莓，甜蜜诱惑。四种花样组合，大有魔力！开启#激情#之旅！ 2陇南 · 索池乡,,,,,,
#杜蕾斯# 【杜蕾斯和他的小伙伴们】快停车(╯‵□′)╯︵┻━┻ 这不是开往幼儿园的校车 杜蕾斯和他的小伙伴们,,,,,,
#杜蕾斯#,,,,,,
#杜蕾斯# 很合适,,,,,,
"#超薄延时避孕套##避孕套##香蕉计划避孕套##香蕉计划##避孕套什么牌子好##杜蕾斯#
🍌香蕉套套镜头特写‼️
超级透亮超级薄🤘🤘#香蕉计划避孕套##香蕉计划避孕套##香蕉计划避孕套# 2温州 · 鳌江镇 O网页链接",,,,,,
"#超薄延时避孕套##避孕套##香蕉计划避孕套##香蕉计划##避孕套什么牌子好##杜蕾斯#
🍌不多说啦，总之挺润滑，不错呢‼比杜蕾斯薄，超薄哦⊙∀⊙！#超薄延时避孕套##香蕉计划##香蕉计划延时套套##香蕉计划避孕套##香蕉计划避孕套# 2温州 · 鳌江镇",,,,,,
@和菜头 今天在飞机上听身后的小朋友嚎了三个半钟头。嚎法有两种：高兴地尖叫和不高兴地哭喊，两者循环轮播，中场不休息，切换无痕迹。观察了一下，演出导演是他身边的妈妈。他妈妈有两种手段：高兴尖叫时给予禁止的命令，随即引发哭喊，哭喊的时候给予贿赂，贿赂到孩子高兴起来为止，随后孩子进入尖叫 展开全文c,,,,,,
"没钱买#杜蕾斯# ,那就在家躺着用趣开心抢红包吧,抢完再去#淘宝##天猫# 偷偷邮回家~@杜蕾斯官方微博 @淘宝 @天猫",,,,,,
来自#杜蕾斯# [鄙視]最喜欢的三幅创意海报,,,,,,
#杜蕾斯# 这二货在收银这买啥呢 2滁州·定远县大润发,,,,,,
#杜蕾斯# 官方微博没发布这条初一摸摸头好彩头，是有原因的吧@杜蕾斯官方微博 ！如果是，我立即删除#文案#,,,,,,
也学到了也学到了#杜蕾斯#,,,,,,
听说#杜蕾斯# 文案在#春晚# 大年夜疯狂工作，过去一看真的是不服不行 (//∇//) 反观朝廷的宣传部门。,,,,,,
今晚最佳营销#杜蕾斯# 更新快 车速稳 技术佳,,,,,,
#恋与制作人##杜蕾斯# 什么时候恋与制作人能和杜蕾斯出个联动包装策划真的完美啊力士沐浴露都有了，避孕套还会远吗 期待合作hhhh 依旧买爆,,,,,,
五福卡开了，坐等@杜蕾斯官方微博 文案#杜蕾斯##论文案我只服杜蕾斯# 2龙岩 · 临城镇,,,,,,
#杜蕾斯# “搞笑（推荐加入）” 啧啧啧,,,,,,
猜一猜#春晚##杜蕾斯# 今晚还有几个文案要出,,,,,,
#杜蕾斯##春晚#杜蕾斯今晚的文案爆表,,,,,,
一本正经的生日礼物#杜蕾斯#,,,,,,
"成年人的过节无趣很多，朋友圈最终沦为各家企业文案设计比拼。㊗️你们的企划赶超#杜蕾斯# ，自嗨你们的代言时刻。🍻

有情无须晾晒，衷祝静爱❤️。",,,,,,
#杜蕾斯# TT业巨头杜蕾斯的超人性化服务广告『杜蕾斯紧急支援服务』真是先天下之忧而忧，后天下之乐而乐，应急服务中的战斗机！ L油管儿上的那些事的秒拍视频,,,,,,
#杜蕾斯# 和 #21cake# 合作推出随百利甜情人蛋糕附赠的“撩人的情趣小勺”。目前 21Cake 官网显示“赠品已赠完”。不过蛋糕可能也有新用处吧（我不懂，看我纯洁的眼神）,,,,,,
"#情人节#话，都在花里
#逗比的日常##杜蕾斯##论文案我只服杜蕾斯#",,,,,,
#杜蕾斯# @杜蕾斯 你们这次慢了，没画完的我们帮你画完了，加班费可以私信给我们哦@广告圈,,,,,,
#杜蕾斯# 老杜，我不知道你还能玩儿出啥新花样！ 2武威 · 金塔乡,,,,,,
"#情人节·花心思·拍出惊喜##春晚##王俊凯天坑鹰猎##情人节,想起你的味道##杜蕾斯##情人节，和它激情运动#",,,,,,
"#咿呀小咿0距离#
情人节就要到了，你会怎样过情人节呢？你希望收到的是短信，还是鲜花？我最想收到的是来自你的情话~在情人节这样一个最适合表达爱，为彼此留下难忘时刻的日子里，小咿想和你说，爱需要大声的说出口，现在点击链接，在下面留言吧~#杜蕾斯#",,,,,,
"我们知道您在担心什么？
是的，这一些也是我们特别担心的！

宝宝的皮肤，不适，脆弱敏感！
宝宝的皮肤，娇弱，皮肤红痒！
宝宝的皮肤，干燥，干燥起皮！
宝宝皮肤问题不容小觑，担心牵挂！
咿呀母婴全国陆续上货，持续关注！
#张杰##谢娜我们想你##刘德华##杜蕾斯##杰士邦零感时刻##最强大脑# 展开全文c",,,,,,
"尊享服务，【兴】享咿呀
湖南限量首发1000张【咿兴】联名卡
仅剩199张名额！
尊享服务，限量抢筹！

咿呀携手兴业银行
给全国宝贝拜年啦：
祝天下宝贝健康/快乐成长
#杜蕾斯##江小白##最强大脑##杰士邦##张杰##刘德华# 2长沙·开福寺",,,,,,
今年过节要送礼：送女儿，送儿子，送孙子，送孙女，送外甥，送外甥女，送侄子，送侄女！睡得好才长得好！新加坡品牌：halocare #杜蕾斯#,,,,,,
发布了头条文章：《杜蕾斯平面海报设计分享，你想要的都在这里》 #设计# #杜蕾斯首次进军游戏业# #杜蕾斯# #杜蕾斯品牌盛典# O杜蕾斯平面海报设计分享，你想要的都在这里,,,,,,
#欧美广告##杜蕾斯#杜蕾斯逆天脑洞广告 发电！ L创意速递员的秒拍视频,,,,,,
"#情人节# #巧克力# #葡萄酒# #香槟# #虎头毯# #杜蕾斯#
浪漫情人节 199积分爱兴兑换——爱你就“要久久”在一起
礼品兑换方式：
1、点击礼品图片登录积分商城（O网页链接）自助兑换；
2、编辑短信“CCCQ空格礼品短信代码空格卡号末四位”发送至95561自助兑换。详情见下图，友情链接： 展开全文c",,,,,,
#春节##杜蕾斯# 这个广告能看懂的举手！,,,,,,
"渠道商老爷给的数据，
后台商品浏览量排名第一
分享数是第二名的两倍！三天转化了15万，渠道商非常吃惊，哈哈感谢大家2018年的陪伴，Feelo一定致力与为我们男性的健康和幸福谋福利#feelo西班牙运动能量糖##销量第一##杜蕾斯# 2深圳·滨福世纪",,,,,,
#杜蕾斯##济南地铁# 请问贵公司和济南地铁是不是有什么交易@杜蕾斯官方微博 @济南轨道交通集团,,,,,,
【英国原装进口|限时9折】情人节快到了，你可能需要杜蕾斯！激情装和超薄装随便选，你懂的>>>O网页链接 #杜蕾斯# #好物热荐# #避孕套#,,,,,,
"#杜蕾斯# #春节#杜蕾斯文案，小的奉上。

春“蕾”催耕，
双“炮”齐鸣。",,,,,,
"#杜蕾斯#
【24.9】杜蕾斯-超薄避孕套组合装20只，期间电der！过年过节的，我相信你们需要的",,,,,,
#杜蕾斯# 杜蕾斯感谢信，文案叫人～～～,,,,,,
【早安三亚】#杜蕾斯#给京东做的一则创意广告，直达人心，你的生活不必被别人定义！早安～ L三亚事儿的秒拍视频,,,,,,
#杜蕾斯##杰士邦##冈本##初感# 每个周一都感到有些疲惫，可能是因为： 2咸阳·咸阳师范学院,,,,,,
"身体透支 就喝盛战！

您：
熬夜加班？
面临强大工作压力？
经历壮年白发？
经常酒桌应酬？
夜夜笙歌？
上班精神不振？
皮肤干涩无光？
肾功能下降？
......
盛战，全球首款提升生命源动力的饮品，
传承千年的独家天然纯植物秘方，带着尊贵与时尚，让您身体不再透支！更呵护您的家人、关怀您的朋友！

展开全文c",,,,,,
我们不必读到这样的丧鸡汤，生活总是要继续； 我们不必因其他人的观点，而放弃自己； 我们不必因为现在的微小，而放弃诗和远方； 你不必说，我们也不必懂； 我们就这样，在自己的世界里，不必出来。#京东##杜蕾斯##广告# L一叶知秋LW的秒拍视频,,,,,,
论文案我只服杜蕾斯 最强大脑#杜蕾斯#,,,,,,
被誉为2018开年第一场天文大戏——152年一遇的“月全食血月+超级月亮+蓝月”昨晚降临，你看到了吗？今早以杜蕾斯为首的一大波借势文案已经出来了，你最喜欢哪个？网友纷纷说#杜蕾斯#败给了自带流量的#蓝月亮# 。 #152年来首次超级蓝血月全食# #围观月全食# #一起来拍月全食#,,,,,,
越来月爱挞#红月##月食##蓝月亮##杜蕾斯#,,,,,,
论文案，我只服#杜蕾斯# 2苏州 · 吴中区,,,,,,
这个广告植入的果真很强大不服不行#杜蕾斯#,,,,,,
信息时代，物美价廉的东西已经不存在了，只有物美价实。一分价钱一分货，优质高价才是常态。#卫生巾##妇科##专家解读妇科问题##孕妇##杜蕾斯#,,,,,,
#超级蓝月亮##蓝月亮##爱情##都是月亮惹的祸##杜蕾斯# 你激情一夜，我深情一生... 2铁岭 · 银州区红旗街区,,,,,,
#杜蕾斯##超级大月食# 生日竟然撞见150年血月 好兆头才刚刚开始 2北京·九朝会 L桃花姬的微博的秒拍视频,,,,,,
广告我只服杜蕾斯#杜蕾斯#,,,,,,
#杜蕾斯#热点少了你就都不完整,,,,,,
毫无悬念今日最佳又是#杜蕾斯#,,,,,,
还在看天狗食月？#杜蕾斯##蓝月亮#？你的文案还没来？辞职了么？我先替你们写一个！！！ 2上海,,,,,,
"杜杜的文案简直了@杜蕾斯官方微博
#月食##半影月食##杜蕾斯#",,,,,,
#我是一个萌萌兔##超级蓝血月##耐卡总部[地点]# 耐卡陪你一起看月食，不是所有隐形车衣都是纳米陶瓷哦！#杜蕾斯# 2北京 · 金盏乡,,,,,,
#杜蕾斯#,,,,,,
#杜蕾斯#,,,,,,
#杜蕾斯#坐等今天晚上你的文案@杜蕾斯官方微博 2大连 · 七贤岭,,,,,,
"要过年了老大哥直接定了20盒四粒装
另外的10盒四粒装，是其他的回头客补的…
2018继续给力(～o～)Y#旅行青蛙攻略# #杜蕾斯# #feelo西班牙爱情能量糖# L妃乐糖果的秒拍视频",,,,,,
#杜蕾斯##神奇##春天文化# L姐姐很黄很污的秒拍视频,,,,,,
有人称它为表界#杜蕾斯#~ 我服！我们现在的使用的1元钱硬币的厚度是2.5毫米，这块伯爵表比硬币还薄。@PIAGET伯爵 Piaget Altiplano Ultimate L盛时网的秒拍视频,,,,,,
"#杜蕾斯#
【礼盒装】真皮牛皮材质，品质保证，合金扣头，时尚大方，专柜礼盒包装，累计销售千万件，万千客户好评，全店99款可选，6个月断裂免费换新，值得推荐！
【原价】99.9元 【券后】39.9元
【下单】O网页链接
更多优惠精品O网页链接",,,,,,
"PP材质，无异味，无毒硅胶，带盖冰格，固定叠加，更省空间
只需 ￥9.9#杜蕾斯#
领quan下单：O网页链接",,,,,,
"【买1送1】全新升级型撕拉式面膜，专注清洁毛孔，拔出黑头白头，净化暗淡肤色，滋养给肌肤水感舒爽体验，让肌肤水润光彩
【原价】58元
【券后】28元
【下单】O网页链接
购买成功私信领取1--20元不等红包 复制这条信息，(Qvmh0m2WCVK)，打开【手机淘宝】即可领券下单#杜蕾斯#",,,,,,
#杜蕾斯# 套中套中套 L揩了一把青春的油的秒拍视频,,,,,,
【提升职场人际关系的6个心理秘籍】妥善处理好职场上的人际关系，是职场人做好工作、健康发展的基础和前提。所以进入职场，首先要处理好的就是与人的关系。人际关系看起来是门复杂的学问，但是成功的秘诀就是6个从自身做起要点。1、自信2、微笑3、实干4、诚信5、虚心6、心态。#杜蕾斯#[广告],,,,,,
"优质速干面料，轻薄透气，舒适亲肤，吸汗速干，健身专用，纯色时尚运动，多款任择！
只需 ￥39#杜蕾斯#
领quan下单：O网页链接",,,,,,
"杭州特产，八款美味，混合大礼包，精选原料，年货的不二选择，自己吃送人都好看，红红火火过大年！
只需 ￥198#杜蕾斯#
领quan下单：O网页链接",,,,,,
"初感工厂直接发货❤️
终于货足了赶紧到货吧等不及了‼️
2018地球不爆炸我们不停下😀赚～#因打瘦脸针骆驼被取消选美##杜蕾斯# 2咸阳 · 文林路 L我有一款套套叫初感的秒拍视频",,,,,,
#等蛙回家# #旅行青蛙# #杜蕾斯# 这一波借势营销，就问你服不服？,,,,,,
#杜蕾斯#人生就像一杯茶，不会苦一辈子，但总会苦一阵子。,,,,,,
"每一本打开的书，都是漫漫长夜——#玛格丽特杜拉斯《情人》# 。
别告诉我你第一眼看的是#杜蕾斯# ，我们在谈学习，这是一个既严肃又轻松的事情，但绝非玩笑。因为你的未来一定不是玩笑！送给#567GO##全能健身教练培训# 的学员，以及#肌能系贴扎技术# 的贴友们。@567GO健身教练培训 @超级话题 展开全文c",,,,,,
"莱仙京东商城#年货节# 正式开始咯
当然要给大家甩个大招啦
。
。
。
。
。
。
。
💰买399送200
买即送面膜同款轻薄滋润的#杜蕾斯#
活动详情见店内海报！",,,,,,
#杜蕾斯# 【杜蕾斯和他的小伙伴们】快停车(╯‵□′)╯︵┻━┻ 这不是开往幼儿园的校车@大倌麻麻 杜蕾斯和他的小伙伴们,,,,,,
#杜蕾斯# 【杜蕾斯和他的小伙伴们】快停车(╯‵□′)╯︵┻━┻ 这不是开往幼儿园的校车 杜蕾斯和他的小伙伴们,,,,,,
"9.9包邮O网页链接
#杜蕾斯#2件75折儿童工程车故事书全8册
【在售价】24.8元
【券后价】19.8元包邮
【领券下单】O网页链接
评论里面有内部福利哦O网页链接",,,,,,
"9.9包邮O网页链接
#杜蕾斯#摇步器摇手机微信运动计步器摇摆神器
【在售价】30元
【券后价】27元包邮
【领券下单】O网页链接
评论里面有内部福利哦O网页链接",,,,,,
#旅行青蛙# #蛙儿子回家# #杜蕾斯# 如果用不可描述的手法戳开杜杜的小屋，蛙儿子就要变身了@杜蕾斯官方微博,,,,,,
#杜蕾斯#杜蕾斯给京东做到广告，直达内心，值得收藏！当你情绪低落的时候拿出来看看....LFunny菌的秒拍视频,,,,,,
"杜蕾斯：如果全世界都背叛你，我就站在你身后背叛全世界
#幽默##段子##搞笑图片##杜蕾斯#",,,,,,
# 杜蕾斯 #借势# 旅行青蛙 #的话题，文案“一直在计划，从未出过门”实在666，海报主角“小青蛙”变身看着小黄书的“小蝌蚪”，也是real契合、形象。。。其他品牌也不示弱，纷纷献上自己的瓜蛙字。了解更多戳：O网页链接,,,,,,
#杜蕾斯# 杜蕾斯出神广告，秒懂的肯定都是老司机，还好还有救…… L你那不叫白叫肤浅的秒拍视频,,,,,,
#杜蕾斯# 借势 #旅行青蛙# 的热点话题，文案——“一直在计划，从未出过门”。 未变成“青蛙”前的“小蝌蚪”看着小黄书…… O《旅行青蛙》爆红，这波品牌借势杜蕾斯又双叒赢了！,,,,,,
借势# 旅行青蛙 #，各大品牌商这波营销海报66666，尤其是# 杜蕾斯 #，顶礼膜拜的程度！ O《旅行青蛙》爆红，这波品牌借势杜蕾斯又双叒赢了！,,,,,,
#杜蕾斯# @杜蕾斯官方微博 这是伱家遗漏的小蝌蚪吗？ 2定安县 · 雷鸣镇,,,,,,
"#杜蕾斯#西行无界, 亲历新疆塔吉克族婚礼 L学姐聊趣闻的秒拍视频",,,,,,
#杜蕾斯# 你不必把这杯酒干了，你不必放弃音乐，你不必买大房子，你不必...... L名小邦的秒拍视频,,,,,,
"#杜蕾斯#
屈臣氏热销无糖薄荷糖口香糖3盒12口味
【在售价24.9元，券后14.90元包邮】
屈臣氏热销，3盒装，多种口味可选，浓醇果香，不一样的薄荷糖，富含维生素，不添加甜蜜素，不添加明胶，不添加防腐剂，健康零食
领券下单：O网页链接
复制这条微博￥FiGv0OMTWXp￥,打开[手机淘宝]即可 展开全文c",,,,,,
# 旅行青蛙 # 的爆红也带动了一波品牌的借势营销，但纵览下来，还是# 杜蕾斯 # 赢了。。。 O网页链接,,,,,,
#杜蕾斯#我想去杜蕾斯上班了 2日本·东京,,,,,,
#杜蕾斯#看完马上有想买一盒杜蕾斯的冲动L童心画世界的秒拍视频,,,,,,
看得我在雪地里瑟瑟发抖，厉害了#杜蕾斯#,,,,,,
甘薯：含大量粘蛋白，维生素C也很丰富，维生素A原含量接近于胡萝卜。常吃甘薯能降胆固醇，减少皮下脂肪，补虚乏，益气力，健脾胃，益肾阳，从而有助于护肤美容#杜蕾斯#,,,,,,
"#杜蕾斯#
有一个品牌叫走肾；
有一个品牌叫扎心；
有一个品牌叫圆梦！",,,,,,
#杜蕾斯# 的优秀文案之#美赞臣# 和#旅行青蛙# …………不管怎么说，我是服气的,,,,,,
"#杜蕾斯#
秋天可外穿，冬天可打底，职业衬衫，立体显瘦，正装必备衬衣。
【原价】79元 【券后】49元
【下单】O网页链接
更多优惠精品O网页链接",,,,,,
#杜蕾斯#逢年过节，杜蕾斯一定会刷存在感！每次的营销广告真的让人拍案叫绝！,,,,,,
#杜蕾斯#逢年过节，杜蕾斯一定会刷存在感！每次的营销广告真的让人拍案叫绝！,,,,,,
#杜蕾斯#,,,,,,
"去泰国顺路去香港送一箱货！
这是有多爱蚂蚁农场青汁太励志了#刘鑫##杜蕾斯# @杜子建 L杨艳198108的秒拍视频",,,,,,
"#杜蕾斯#
【139】 简港长款羽绒棉服+加绒裤子妈妈套装 品质决定质量，秋冬爆款加厚羽绒棉服，舒适保暖，透气性好，修身版型遮住赘肉，搭配加绒黑裤，抗寒零下20度，快过年了，给妈妈买件新衣过年啊【赠运费险】 O网页链接
【199】 高端大毛领女中长款加厚修身羽绒服 优质白鸭绒羽绒服，经 展开全文c",,,,,,
#杜蕾斯# 先致富 才能够给娃儿子找个娘or爹,,,,,,
杜蕾斯广告为女性发声《我要疼爱，不要疼痛》！#杜蕾斯##新年新套路##经典幽默搞笑视频##搞笑视频共享# 😅 L搞笑视频共享的秒拍视频,,,,,,
"#杜蕾斯# 谁家马甲线掉了？这是你的吗？不好意的,也刚捡到了",,,,,,
【初感®CHUGAN】优势 ✨国内首款R标避孕套 ✨玻尿酸成分温补女性 ✨玛卡精华为男性延时 ✨世界最薄的避孕套 0.01mm ✨68元一盒一盒12支 ✨单手即可打开包装，关键时刻你懂的❤#杜蕾斯##刘鑫# 2西安 · 北大学城,,,,,,
#杜蕾斯# 2北京·清河阳光北里,,,,,,
"#杜蕾斯#
ctx智能手机通用快充充电器插头
【在售价17.9元，券后7.90元包邮】
苹果安卓通用充电插头，3C认证，小身材大能量，轻巧便携，凹槽设计，单口充电，持久耐用，支持2.4A快充。7天无理由退换【赠运费险】
领券下单：O网页链接
复制这条微博￥4m8C0OlycPA￥,打开[手机淘宝]即可领 展开全文c",,,,,,
#杜蕾斯#,,,,,,
"#杜蕾斯#杜蕾斯给京东做到广告，直达内心，值得收藏！当你情绪低落的时候拿出来看看....
#搞笑乐不停# LFunny菌的秒拍视频",,,,,,
#杜蕾斯#佳茵保养，晚安！,,,,,,
#杜蕾斯# 2莱西 · 沽河街区,,,,,,
#杜蕾斯#,,,,,,
#杜蕾斯#广告只服杜蕾斯 2海口 · 国兴大润发,,,,,,
#EDEN果咖# 💪不仅冰冰在喝，就连很多明星也都在享受我们的轻氧轻燕燕窝。想要表达美丽动人哒小主来吧#刘鑫##杜蕾斯##死亡宣告##马航# 2沈阳·Eden果咖 LEden果咖精品水果店的秒拍视频,,,,,,
#杜蕾斯# 微博访客查询招收小代理啦啦啦~~~~详情➕vx：morelove0,,,,,,
#杜蕾斯# 2广州·万乐居,,,,,,
#杜蕾斯#,,,,,,
"老顾客爱什么？
爱｜回｜购

你担心效果不好
担心安全问题
担心不敢用
一边担心，一边忍着，又一边喊真难治

我相信千金药业大品牌，出的产品一定不会差，有PICC做质量担保，无副作用。至于敢不敢用，看产品回购率。谁也不会钱多到，重复购买不好用的东西

#杜蕾斯#",,,,,,
【杜蕾斯团队，给京东金融做的走心广告】《你不必成功》#杜蕾斯# 在充满无数个“必须”的现实里，看一段排比的“不必”，喘口气。L邹赐峰的秒拍视频,,,,,,
#杜蕾斯#今天你喝粥了吗？#有个动物头#,,,,,,
等了一天就在等#杜蕾斯# 的#腊八# 节日文案，已经到了没点文化就开不了车的地步了……,,,,,,
#杜蕾斯# 2上海·汤巷馨村,,,,,,
杜蕾斯的广告，堪称神文案。但是放在20年前，未必比得过这些经典粤语广告。 #杜蕾斯##广告#L最耀B的秒拍视频,,,,,,
杜蕾斯的文案还真的是无人能及！佩服！ #杜蕾斯##玩美柯基#,,,,,,
#feelo西班牙能量糖# 今天的单号，feelo忠粉们你们太给力啦祝大家夜夜高潮，时时幸福～#杜蕾斯# 微信号码：feelo-candy O网页链接,,,,,,
"文案 广告 只服#杜蕾斯#
色而不淫
污而不脏

一直在计划 从未出过门
有了杜杜 就变不成蛙蛙(娃娃)了",,,,,,
有好久没编辑文字了，先在这里向我未来的看友们道个歉；最近一直在看动漫，有点沉寂了，插上耳机听一首喜欢的歌曲，点击键盘上的文字感觉，一直有关文案的所有一直没有放下，最赞的文案还是#杜蕾斯#的别出心裁，让人总是眼前一亮，有更多的新鲜感；其次就是#江小白#的文案还是那么句句扎心，一语点中人 展开全文c,,,,,,
"#武汉艺术写真##早安only-girl##only-girl分享##杜蕾斯#
腊八节快乐 O网页链接",,,,,,
"都是妈妈，每个人却有着不同的故事。大家互相学习，相互促进，为了做更好的自己。来看看本期对话嘉宾“杜蕾斯女神Amy姐姐”的故事吧！如何带孩子，还要带一个牛逼的团队！#杜蕾斯#
链接🔗戳→O网页链接",,,,,,
"#杜蕾斯# #腊八节#
俗话说，过了腊八就是年。明儿就是腊八节了，春节也近在眼前了。
不知大家看了杜蕾斯腊八文案了没？感觉看了吃不下腊八粥额。
不过，不要怕，我们有神器~~
发个潮范儿腊八红包！",,,,,,
@杜蕾斯官方微博 微信评论歧视河南人，你们还给通过吗～#杜蕾斯#,,,,,,
#杜蕾斯# 我怎么不知道有这么多姿势？ 2深圳 · 西丽街区,,,,,,
"#杜蕾斯# @杜蕾斯官方微博
有深度的广告语 有故事的神评论",,,,,,
#杜蕾斯##脑洞大开# 杜蕾斯官方微博宣布：杜蕾斯首次进军游戏业！杜蕾斯表示将于12月17日线上发布，从官方放出的两张预热海报中，#海报# 我们能够看到老一代掌机及《俄罗斯方块》《超级玛丽》等经典童年游戏。#杜蕾斯首次进军游戏业##杜蕾斯那点事# 厉害了，我的蕾丝哥，开始#毁童年# 啦 展开全文c,,,,,,
"#angela袁澧林# #杜蕾斯# #艾滋病#
AIDS CONCERN x Durex
angela為愛滋病宣傳做嘅一個shooting
距喺入面分享咗一d自己對於戀人相處同埋某啲價值觀方面嘅睇法
支持公益,關注AIDS L強有力強在唱歌的秒拍视频",,,,,,
当激情的#陕北民歌#、陕北剪纸和杜蕾斯碰撞在一起的时候，会发生什么呢？据“杜蕾斯官方微博”公布的消息显示：如果你喜欢上一个陕北人，杜杜已经帮你想好了开场白。从图中可以看出，在#杜蕾斯#的创意下，陕北简直和民歌居然有些污，也是不忍直视了哈。#陕西旅游# O如果你喜欢上一个陕北人 杜蕾斯帮你想好的开场白有些污,,,,,,
虽然我家没有#杜蕾斯# ，但我知道你想买小雨衣这个逻辑挺有趣啊！@苏宁易购,,,,,,
杜蕾斯的广告有些真心看不懂，例如这张#杜蕾斯# 2长沙,,,,,,
"套套居然还能这么玩？

#杜蕾斯#",,,,,,
据说已经泄漏的天机，再不看就被删除了。#杜蕾斯# 2沈阳·Four Play Bar,,,,,,
"#支付宝账单# #杜蕾斯#
支付宝账单刷屏，杜蕾斯的2017年度账单也来了！",,,,,,
#年末总结# 各显神通，朋友圈被#网易云年度总结# 走心歌单，#支付宝年度账单# ，#杜蕾斯# papa上映等刷屏，你更喜欢哪个？,,,,,,
【#营销观察# 】还记得#感恩节# 借势，营销老司机@杜蕾斯官方微博 一口气调戏几十个品牌吗？新年伊始，杜杜又发出一组广告海报，用力调戏了一把@网易云音乐 推出2017#杜蕾斯# 歌单这歌单中重复听得最多的那首歌，老铁们今晚也请再听几遍,,,,,,
#支付宝账单##杜蕾斯#,,,,,,
"#五粮液确认造车# ：要么喝我的酒，要么开我的车。
#杜蕾斯# 收购美赞臣：要么买我的套，要么十个月后买我的奶……粉。
跨界满分！",,,,,,
#杜蕾斯# 才特么才是真正的文案 2上海 · 华新镇,,,,,,
小杜杜你坏坏！@杜蕾斯官方微博 #杜蕾斯##紫外光紫#,,,,,,
"#沈阳爆料#2018年元旦的第一天，俩位美眉记录了美好的一天新的一年新的开始！棒棒哒👍#沈阳爆料##赤峰街拍##沈阳街拍秀##杜蕾斯##熊猫守护者##盘点2017##18岁,你好##超级话题# 2沈阳 · 大悦城",,,,,,
#杜蕾斯# 杜蕾斯的文案就是牛逼，真的是很佩服，脑洞大开我就服你@杜蕾斯官方微博 #我要过六一#,,,,,,
"皮。
有助于在激烈的行业竞争中
拔得头筹
#杜蕾斯##JR 我以为我们领先#",,,,,,
#NBA总决赛# 完美植入#杜蕾斯# 2成都 · 南浦盛宴,,,,,,
服！！ #NBA总决赛##杜蕾斯#,,,,,,
"应该大数据匹配两个人免得做无效社交最新一期
就像黑镜一样一见面， 就知道大家匹配指数，指数低的就不必要，继续了
最新一期来了

还有比如像mou宝那样， 你买过什么，就给你推荐你喜欢的，免得浪费选择时间。
#大数据##杜蕾斯##社交##男朋友##人工智能#",,,,,,
#杜蕾斯#,,,,,,
虽然是网友基于今天的NBA比赛，为杜蕾斯做的假的图，并非官方口径宣传，不过吧，这一波，还是挺服的…… #NBA# #杜蕾斯#,,,,,,
六一我在期待杜蕾斯的文案！#杜蕾斯#,,,,,,
领导给的避孕套还是#杜蕾斯# 的，弄不懂，猜猜领导在想什么,,,,,,
#杜蕾斯#,,,,,,
杜蕾斯表白盒：连情话都是抄的，爱你肯定是假的？#杜蕾斯##土味情话#L杜蕾斯官方微博的秒拍视频,,,,,,
防火防盗防。。。#杜蕾斯# 2宝鸡 · 马营镇,,,,,,
杜哥……你弄的我上课很尴尬呀#杜蕾斯#,,,,,,
@杜蕾斯官方微博 新的代言人#杜蕾斯#,,,,,,
O女朋友性欲很强是种什么体验 #杜蕾斯#早泄#道道团队##@魏道道# 2南安 · 英都镇,,,,,,
#杜蕾斯# 恶心~恶熏~@今天也是idea很棒的圆圆 行不行呢？从来不*别的男人的女人，矢志不渝的*自己男人的女人@每天都有新idea的呦呦 听你讲话，妾身有些恶心(⊙o⊙)… @西西爪爪暢 @失去理想变成小鱼干 畅嬷嬷与婕公公，验身失职？？,,,,,,
#广告##创意##文案##杜蕾斯# 不只有杜蕾斯才有好文案！,,,,,,
这广告做的也没谁了临沂沂水#杜蕾斯# 2临沂 · 沂水街区,,,,,,
婚姻中：女人都期待男人像对待公主一样捧着她，但不需要奴才。 男人希望像对待儿子一样关爱他，但不需要妈妈。——周逸师妹🙏#今日贴纸打卡##生活##济南##原创设计秀##杜蕾斯#,,,,,,
#杜蕾斯# 厉害了杜蕾斯文案,,,,,,
夏天，一首凉凉不够...#杜蕾斯#,,,,,,
"夏日推荐：
一个里12个套 搭配一颗糖果 那真的是爽一夏
里面赠送了三袋润滑油~这个润滑油用了特别清爽 就算没有立刻洗净 也不会难受#杜蕾斯#",,,,,,
"# 杜蕾斯 # # 520·说爱简单点 #
520表白日当天，#杜蕾斯# 联名天猫超级品牌日在网络上发起“520·说爱简单点”的话题活动。每隔一小时通过官博发送一张和其他品牌有关的主题海报，并提醒对方注意。

但没想到的是，“对方并没有很想理”。很多没有回应，寥寥无几的回应也“不走心”，就连一起组织活动 展开全文c",,,,,,
RNG夺冠，杜蕾斯评论亮了，英雄联盟官方神回复（有了保护，才有几亿输出。）#rng夺冠##杜蕾斯#,,,,,,
"#杜蕾斯# durex/杜蕾斯 经典四合一特惠装 34只
微信扫码下单💰54包邮",,,,,,
发布了头条文章：《避孕套也有假的？男人女人担心怀孕和性病》 #杜蕾斯# O避孕套也有假的？男人女人担心怀孕和性病,,,,,,
#杜蕾斯##文案#杜蕾斯教你教科书式520表白文案，绝杀了，一口气向11个品牌表白： O杜蕾斯教科书式520表白文案，一口气向11个品牌表白！,,,,,,
杜蕾斯联合天猫再出烧脑视频：爱情的理想距离是多少？#杜蕾斯# #甜蜜520# #520，我爱你# #520，表白日# L鱼爪传媒官博的秒拍视频,,,,,,
5.20#杜蕾斯# 又开始飙车了，表白何必那么麻烦，让爱简单点。#HI!YAPOOA嗨呀噗#,,,,,,
"【520最撩海报，杜蕾斯，还是你牛！】
#说爱简单点# 杜蕾斯 #天猫超级品牌日#，杜杜又撩了别人家的品牌了。杜蕾斯这波“表达爱”的海报，你服了吗？#说爱简单点#是否，你也能把爱表达清楚呢？#杜蕾斯# #海报设计# O520最撩海报，杜蕾斯，还是你牛！",,,,,,
为何她在用、她也在用 、她们都在用‼️呵护女性健康、更是夫妻生活的调剂品‼️520闺蜜重磅福利、买就送‼️#闺蜜Mall社交新零售##甜蜜520##杜蕾斯#,,,,,,
#520，我爱你##情人节##杜蕾斯##520快乐# 520，为爱的人献上你的“小心肝”！限时特惠活动继续[勾引],,,,,,
#520# 又到了#杜蕾斯# 表现的时候了，#世界杯竞猜# 这么强的热点，此时也只能退位让贤，因为，再强大的运动员遇见#杜蕾斯# 也跑不动！ 但是，这不影响球迷们参加#世界杯四强竞猜# →_→ O网页链接 2菲律宾·马尼拉,,,,,,
"杜蕾斯海报突出薄的特点，大佬们有没有好的创意，在线等，挺急的。

#杜蕾斯##杜蕾斯air爱情薄物馆##论文案我只服杜蕾斯##杜蕾斯文案# 2石家庄·河北美术学院",,,,,,
"杜蕾斯都来跟捕手合作了[奸笑]
可还有人不认可捕手，用脑子想想，
人家大集团的认知会比你差么？🤷♂️#环球捕手##环球捕手达人招募##杜蕾斯#",,,,,,
"杜蕾斯都来跟捕手合作了[奸笑]
可还有人不认可捕手，用脑子想想，
人家大集团的认知会比你差么？🤷♂️
#杜蕾斯#",,,,,,
发布了头条文章：《像杜蕾斯一样追热点，速度要快，姿势要对！》 #内容营销##内容运营##杜蕾斯# O像杜蕾斯一样追热点，速度要快，姿势要对！,,,,,,
#情感# 那些没有被我们拦住的小孩，我们负责养大#杜蕾斯# 厉害了我的娃,,,,,,
"#杜蕾斯#
某个宝宝看见杜蕾斯的文案
随口夸一句
然后......
一群人停不下来了，几个脑袋凑到一个电脑前面
... ...
骚饼表示：我还是个孩子",,,,,,
"号外：520提前备（子）弹记
一盒Feelo运动糖（蜜月装）赠送价值119的安全套一盒12只装。
纯属于老顾客优惠，新客请勿参加。#真材实料的Feelo##杜蕾斯#",,,,,,
Morning gays ，，，#杜蕾斯#,,,,,,
#杜蕾斯奇葩广告##杜蕾斯# 你真他娘的是个天才,,,,,,
"觉察不是为了觉察，而是疗愈；
陪伴不是为了陪伴，而是链接；
分析不是为了分析，而是成长。
——才少心语[咖啡]🙏#生活##情感热线##杜蕾斯##走出失恋##济南#",,,,,,
#杜蕾斯#现在的避孕套都这么高级的吗,,,,,,
复仇者联盟3：无限战争#复仇者联盟3# 我是个天才！！！#杜蕾斯#,,,,,,
杜蕾斯:我只要轻轻打一个响指 世界上就会多一倍的人口#杜蕾斯##复仇者联盟：无限战争#,,,,,,
"""套套""""新黑科技
Feelo君即将给大家上线新品❤
大家都在说，一颗Feelo要搭配好多套套，这款003级别的一定能让你惊喜~刚拿到手一周已经开始测评#杜蕾斯##真材实料的Feelo#",,,,,,
"#杜蕾斯#
虽然我没有做过爱，但我是期盼着能与自己的爱人做爱的。
因为我知道做爱其实是人类一件很美好纯洁的事。
充满热烈的、活生生的喘息声扑面而来，嗅到隐藏于毛发之下细微的人体气味，轻轻抚摸过对方的顺滑的骨架轮廓，湿热的、充满唾液的吻浸入肌肤毛孔与舌头的味蕾，同时发现了对方那些他人不 展开全文c",,,,,,
#杜蕾斯#，#搞价#领券购买爱得实在哦！,,,,,,
"跑完步回来，楼道有点黑，看见楼道一抱着一大叠传单的小哥哥，拦住我对我说:""……有兴趣了解一下吗？""
我回了句:""健身？""
小哥哥接着又回了句:""不是健身是剑鞘""
当时还很懵，
回寝室一看。#杜蕾斯# 2重庆·重庆交通大学双福校区",,,,,,
"希望厦门的各位可以在今天pick一下我们大广赛的广告主杜蕾斯爸爸
“雨天，杜蕾斯还可以这么用”
#杜蕾斯#",,,,,,
"#五四青年节##海报设计# 分享
不得不说#杜蕾斯# 还是很棒的
#小李先生和她的猫#",,,,,,
“戴套”收购～～大湖股份收了冈本的中国总代理公司之后就一个跌停#冈本##杜蕾斯#,,,,,,
#引擎记录者##杜蕾斯# 这样是不是更安全@李坤桐大小姐 @Leetime- @Top-Cars @耿家小亮仔 @Power极动力 @那是27 @徐珞森 @米帅Handsome,,,,,,
色情小棉袄#杜蕾斯#,,,,,,
#杜蕾斯#,,,,,,
"运动起来吧！
走向大自然吧！#杜蕾斯 惨败 2018最扎心的广告健康本该如此 共勉 搞笑 # @腾讯视频 L杜蕾斯 惨败 2018最扎心的广告健康本该如此 共勉 搞笑",,,,,,
#杜蕾斯#,,,,,,
"讲真gay就别用凸点了
那个壁又没有可以兴奋的神经😶
只有痛得要死你晓得伐😶#杜蕾斯##我是同性恋#",,,,,,
今年我墙都不服 就服杜蕾斯 太有才了#杜蕾斯#,,,,,,
擎天柱与杜蕾斯#杜蕾斯#,,,,,,
#杜蕾斯#,,,,,,
#杜蕾斯 惨败 2018最扎心的广告健康本该如此 共勉 搞笑 #@腾讯视频 L杜蕾斯 惨败 2018最扎心的广告健康本该如此 共勉 搞笑,,,,,,
#杜蕾斯 惨败 2018最扎心的广告健康本该如此 共勉 搞笑 # @腾讯视频 真爱生命@华娜糖sugar L杜蕾斯 惨败 2018最扎心的广告健康本该如此 共勉 搞笑,,,,,,
《杜蕾斯惨败，这才是2018年最扎心的广告》 #杜蕾斯# O杜蕾斯惨败，这才是2018年最扎心的广告,,,,,,
#杜蕾斯 惨败 2018最扎心的广告健康本该如此 共勉 搞笑 #@腾讯视频 L杜蕾斯 惨败 2018最扎心的广告健康本该如此 共勉 搞笑,,,,,,
"只觉得#杜蕾斯# 足够诗情画意

静

当天使收起翅膀
当夜莺闭上眼睛
当秋叶都被风儿拐走

世界里只剩下
你在身下轻声地吟唱

春

花儿是春的衣裳
鸟是春的歌

风儿是春的脚步
雨是春的味道

你问我你是什么
我说你是春的撩骚

大

世界是如此之大
而我却这么渺小

直到把 展开全文c",,,,,,
"第一波参加活动的顾客，
已经发件走
这一个买家秀也是看得很心痒~｡◕‿◕｡#杜蕾斯##feelo西班牙运动能量糖#
扫码可参加活动",,,,,,
#杜蕾斯# BASEUS/倍思 B11苹果7无线蓝牙耳机女生粉色运动跑步6高音质X 2深圳·深圳市福田区福田小学,,,,,,
#杜蕾斯 惨败 2018最扎心的广告健康本该如此 共勉 搞笑 #@腾讯视频 L杜蕾斯 惨败 2018最扎心的广告健康本该如此 共勉 搞笑,,,,,,
2018最扎心广告，比#杜蕾斯# 都牛！ L就要笑掉你大牙的秒拍视频,,,,,,
据说是2018最扎心广告，比#杜蕾斯# 都狠 L刘旭_DD的秒拍视频,,,,,,
冷眼观瞧 客观解读 辛辣点评 独游周报带您换个方向看游戏《#战神#》暗藏《#复联3#》彩蛋？开发者是否暗示大事件？#腾讯#宣布代理《#堡垒之夜#》，氪金正好符合腾讯风格？#杜蕾斯#盯上#任天堂Labo#，新玩具让人脸红！这一切的答案：这一期的独游周报！O网页链接 L独游播报的秒拍视频,,,,,,
#内涵段子关停# 内涵段子不在之后，最近迷上了#杜蕾斯# 杜蕾斯微信公众平台。。我觉得有必要让邀请我们段子大军去占领一下了。#再见内涵段子#,,,,,,
这条广告告诉你一个真实的信息，对生活无规律无节制的懒惰和怠慢是不行的。但是等你真的运动五年以上才会知道，肆意消耗自己的体能。可能会更早失去生命的辉煌。#杜蕾斯 惨败 2018最扎心的广告健康本该如此 共勉 搞笑 #@腾讯视频 L杜蕾斯 惨败 2018最扎心的广告健康本该如此 共勉 搞笑,,,,,,
寓五四于爱#杜蕾斯##论文案我只服杜蕾斯##杜蕾斯文案##五四青年节##五四# @杜蕾斯官方微博,,,,,,
"#产后瘦身##盛夏倒计时# 小假期刚过
一个视频就刷爆了朋友圈
《健康本该如此》
戳痛了多少人的心！
如果生命到此为止
你是不是没有任何遗憾？
你可以改变，也可以一成不变
你怎么选择？！#杜蕾斯 惨败 2018最扎心的广告健康本该如此 共勉 搞笑 # L杜蕾斯 惨败 2018最扎心的广告健康本该如此 共勉 搞笑",,,,,,
#杜蕾斯##关爱健康##关爱健康#如果生命到此为止，你是不是没有任何遗憾？#杜蕾斯#惨败，这才是2018年度最扎心广告!L郁子乱语的秒拍视频（上#秒拍#看我的最新短视频，下载秒拍->O网页链接）秒拍视频 L郁子乱语的秒拍视频,,,,,,
"春意盎然的季节
难免会“性”致勃勃

所以
杜蕾斯“诗性”大发
冈本也开启“燃情餐桌”模式
加上杰士邦的“油腻了就洗个手”
让整个春天
都洋溢着荷尔蒙的气息

本以为春天就这样
呢喃着过去了
魔灯智媒的春天也要
中一次树

《种树》
你不行走的时候
在她身上栽花
你走累了的时候
在她身下浇水
你在远",,,,,,
"5.1企业#海报设计# 分享
除了#杜蕾斯# 的海报借势营销
#江小白# 的海报做的也不错啊",,,,,,
#关爱健康# 如果生命到此为止，你是不是没有任何遗憾？#杜蕾斯#惨败，这才是2018年度最扎心广告! L郁治邦的秒拍视频,,,,,,
#杜蕾斯# 最精彩的观点往往都在评论里。今天杜蕾斯的借势文案，刚开始看不懂，其中的玄机被评论一秒道破，好样的，杜蕾斯。,,,,,,
"#营销# #创业# #杜蕾斯# #江小白# 杜蕾斯、江小白败了，这才是最令人叹服的营销！
L策策学长的秒拍视频",,,,,,
"原图竟然有140M。。。#论文案我只服杜蕾斯# #杜蕾斯# #“五一”劳动节# #劳动节,辛苦了#",,,,,,
@杜蕾斯官方微博 就服你#杜蕾斯#,,,,,,
#杜蕾斯# 文案学学,,,,,,
怎么摧毁一个小孩子？#如何摧毁熊孩子# @超级话题 都是九年义务教育!我不服#杜蕾斯# L艾维商机网微博的秒拍视频,,,,,,
"论杜蕾斯文案和江小白文案与水果文案的区别？学会了？你就是营销高手？
先且看江小白文案：
1、白天喝着保温杯里泡着枸杞的茶，深夜里独自饮着无人碰杯的酒
2、最想说的话在眼睛里，草稿箱里，梦里，和酒里
所谓走心文案还不如说是青春里矫情的情感，但偏偏这份矫情和你相似。失恋、孤独、思念、怀乡这",,,,,,
【早安三亚】#杜蕾斯#给京东做的一则创意广告，直达人心，你的生活不必被别人定义！早安～ L三亚事儿的秒拍视频,,,,,,
杜蕾斯春日有色诗集！！！你是柔软春光，进入了我硬邦邦的想象。论如何文雅不俗的污，我只服杜蕾斯。该给文案加鸡腿了#情趣两性##杜蕾斯#,,,,,,
#免费送##免费送蜗牛原液套套##避孕套##杜蕾斯##喵星人##阳痿##早泄##增大增粗# ➕v：nrb178备注咨询免费送价值88元套套！ O网页链接,,,,,,
吾辈楷模#杜蕾斯##论文案我只服杜蕾斯#,,,,,,
#组装生活# 看到#任天堂# Labo最近火的很，#杜蕾斯# 也开始皮了出处：杜蕾斯官方微博 L新浪众测的秒拍视频,,,,,,
"正在上班的我
突然刷起了文案～
还发现了 几首
羞涩的 小诗
看得我浑身起鸡皮～

#杜蕾斯#
论作诗，我只服你。

分享给你们",,,,,,
杜蕾斯又来蹭热度了，教你正确的使用Labo：好玩就是可以为所欲为#杜蕾斯# #LABO#,,,,,,
O成为杜蕾斯这样的段子手，你想吗？ 你想成为杜蕾斯这样的段子手吗，那就赶紧留言分享你的作品吧！@设计美学青年 @七里外的风车_音乐榜样 @私人音乐厅 @央视新闻 @粉丝头条官方微博 @头条文章 @杜蕾斯官方微博 @文案圈 #杜蕾斯#,,,,,,
【噢~瞧瞧你多么优秀杜蕾斯！】把别人任天堂的Labo都玩出了大人的模样，玩出了花……#任天堂# #switch# #LABO# #杜蕾斯# @杜蕾斯官方微博 @任天堂香港有限公司,,,,,,
"不输#杜蕾斯#！冈本这次“羞羞羞”的营销海报，我服！O网页链接
确认过眼神，知道你们会喜欢",,,,,,
"#杜蕾斯#
我想问一下杜蕾斯
为什么没有郑漂
郑州的郑
有多少在郑州的举手@杜蕾斯官方微博",,,,,,
#杜蕾斯# 搞事情，连#任天堂# #LABO# 也调戏,,,,,,
这位老哥说的真好，不知道那会儿有没有杜蕾斯，哈哈#搞笑幽默##杜蕾斯#,,,,,,
"看了#杜蕾斯#海报，今天特别想读书！

#世界读书日#各大品牌营销海报汇总！

最近你在读什么书？ O网页链接",,,,,,
#杜蕾斯#用完杜蕾斯在抽张纸O【囤货季】“纸”要你惊喜，惊喜“纸”为您！论文案我只服杜蕾斯##微博卡片背景#,,,,,,
#同行头条#【饮料界杜蕾斯：又土又污，却垄断行业30年，年销40亿！】#椰树牌椰汁##营销策略##杜蕾斯##老干妈#- 益闻网_活动策划灵感站_活动方案_活动创意_营销传播_公关活动执行干货 O网页链接,,,,,,
"学院奖:我们有“杰士邦”。
大广赛:哦，我们有“杜蕾斯”
冈本:那个，oneshow青年赛现在招赞助吗#杜蕾斯#",,,,,,
前些日子，杜蕾斯发了一个《诗》的营销方案，而最近的一款「冈本燃情餐桌」的创意海报也吸足了眼球。与其说是一场冈本的静态案发现场，不如说是充满想象张力的视觉饕餮盛宴，高雅而与众不同。#杜蕾斯##冈本##广告##创意##文案##创意#,,,,,,
"看到#杜蕾斯# 发的一条微博
找到你手边最近的一本书，翻到21页，第一句话就是你今年剩下的八个月的sex的描述
手边最近的一本书21页的第一句话:cette table?(这张桌子？)哈哈，看来是在一个公众场合@杜蕾斯官方微博 2法国",,,,,,
"#杜蕾斯#
广告作业——清新的肉欲，好吃的你",,,,,,
#杜蕾斯# 文案写的再好有什么用,,,,,,
这特么还是你以为的#杜蕾斯# 么 L电影老源工的秒拍视频,,,,,,
#段子君犀利神回复# 刷微博，看到这条神回复。创意和点子还不错突然就想到了#杜蕾斯# @杜蕾斯官方微博 拿走不谢！,,,,,,
谁能告诉我，#杜蕾斯# 犯了什么错，要把它扔车子上,,,,,,
【Trojan套套】嗯，发一个羞羞的东西，美国🇺🇸一百年来最值得信任的牌子。你们自己看吧，作用我就不多介绍了😂😂40个一盒，一共五种类型。💰199包邮#美国代购##套套挑战##杜蕾斯#,,,,,,
#杜蕾斯# 这文案也太撩人了吧 2厦门 · 禾山街区,,,,,,
高手过招，原来杜公子的文案写的那么好 #杜蕾斯#,,,,,,
"俞熙第3⃣️款产品
新品男性延时喷剂🔥
即将火爆来袭～下个月520正式上市
2018我们要走在大健康市场以及男性保健品最前端👊#微商##两性##杜蕾斯# 2深圳 · 西乡",,,,,,
#抖音表情##快递头像##外卖头像##外卖小哥##快递小哥##杜蕾斯##小猪佩奇# 换上头像，加入组织，你也是社会人，点赞评论拿图～,,,,,,
#杜蕾斯# 春日诗集,,,,,,
"#杜蕾斯# 湿答答的裂缝，处着无线生机
你输给了时间，我无趣了过程
你有很多借口，我却设想改变
无意发现蕾丝，厚度改变时间
试着彼此尝试，一发不可收拾
无趣已经死亡，老公就是天堂",,,,,,
#案例特写#【杜蕾斯开了家烤肠店，润滑液竟用来当蘸酱？】#杜蕾斯##烤肠店##伍德吃托克#- 益闻网_活动策划灵感站_活动方案_活动创意_营销传播_公关活动执行干货 O网页链接,,,,,,
#杜蕾斯#,,,,,,
"你一张口
我就知道你想要什么
我一张腿
你就知道我该干什么
我们的默契
从来没有像现在这样
心有灵犀一点通#杜蕾斯#",,,,,,
"hi～大家中午好，今天展示的是董丽为我们同学的作业，业界百万文案杜蕾斯，想必大家早有耳闻，小编好想去杜蕾斯文案部当个保洁员给大佬端茶送水...闲话不多说，小编觉得安安静静欣赏广告才是最吼的

#论文案我只服杜蕾斯##杜蕾斯##广告##今日热点##新媒体广告#

杜蕾斯广告文案这么火不是 展开全文c",,,,,,
"#杜蕾斯##论文案我只服杜蕾斯#
杜蕾斯的广告文案，我是真的服气的。
上班的时候，诗兴大发！！！
下面那些，都是我写的，
仿了一波杜蕾斯广告。
公司新晋污妖王，你酡！

点开文章，了解一下🔗
O网页链接",,,,,,
"学习完之后~
来一颗糖果😊
周末安排一场feelo约会#真材实料的Feelo##杜蕾斯#",,,,,,
杜蕾斯都要称霸诗界了#杜蕾斯# 真的是很有文化的流氓了@杜蕾斯官方微博 2周口·周口师范学院,,,,,,
文案只服durex，没想到它还会写诗#杜蕾斯##搞笑幽默#,,,,,,
"DB特点❹：
做安全套我们最认真
让你用的最放心‼️#拒绝人流##堕胎到底有多可怕##妇科知识##杜蕾斯# LDB避孕套和紧致液的秒拍视频",,,,,,
"DB特点❸：
别看DB做到了天然乳胶的国际极限薄
DB玻尿酸安全套的爆破值已经超过国家要求标准值将近3倍以上。值得信赖📝📝📝
#堕胎到底有多可怕##拒绝人流##内涵搞笑段子##妇科知识##杜蕾斯#",,,,,,
"DB特点❷：
玻尿酸代替硅油
滋润易清洗不油腻
最好的呵护你的私处
#杜蕾斯##妇科知识##内涵搞笑段子# LDB避孕套和紧致液的秒拍视频",,,,,,
"DB特点❶：
单手打开
关键时候
你懂的

#杜绝意外伤害##杜蕾斯##内涵搞笑段子# LDB避孕套和紧致液的秒拍视频",,,,,,
"#杰士邦# 和#杜蕾斯# 打的不可开交。
然而买的还是冈本001。",,,,,,
"hi～大家好今天给大家带来的是伍子萍同学的作业，她的一番话（尤其是第一句）真是戳中小编的心，今天早起午觉不睡赶视频作业的小编真的好想回家睡觉💤
但是天生的勤奋使我睁开了眼睛，学习，才是我人生的方向，今天也要做个不油腻不说谎话爱国诚信友善敬业的小编呢哎嘿

展开全文c",,,,,,
#脱发、掉发、植发##生发##脱发、掉发、植发##脱发##杜蕾斯# 签约生发，无线退款 2天津 · 财富星座,,,,,,
"#杜蕾斯# 家的烤肠，你们都吃了没
如果没有，还可以尝试把计己变烤肠",,,,,,
#杜蕾斯# “杜蕾斯春日诗集”全文案：你是柔软春光，进入了我硬邦邦的想象！ 选了几篇文雅点的文案，emmmm……还好春天还没有过完,,,,,,
"《杜蕾斯诗集之续》
杜蕾斯之春日诗集，已在民间产生强大魔力。
以致于不少人艾特我，看来在有色诗界，我还是有些存在感的。
为了呼应各方热情，我就从自己以往的小诗里选出一批，以续。
一共十八首，希望我们都可以十八岁，以及十八厘米。
@1200bookshop
#杜蕾斯#",,,,,,
刚刚上厕所突发奇想，如果我考研往高分子材料方向考，以后是不是有机会进杜蕾斯公司搞研发哈哈哈，向往，毕竟产品面向全球，还是很厉害的。我是真的很喜欢这个公司的广告策划和市场营销。 我脑洞好像有点大#杜蕾斯#,,,,,,
"🍓 #杜蕾斯##论文案我只服杜蕾斯#
行业老大杜蕾斯同时也是广告界的佼佼者
小杜杜的借势广告可谓恰到好处惊为天人
这不，劳动节青年节就快来了，掐指一算小杜杜势必有所作为，本博的四位博主提前为其写好了文案[广告] 大家细细品味，还有什么好的想法评论区见啊
（这样的博老师会为我们转 展开全文c",,,,,,
#杜蕾斯# × #脸书#,,,,,,
"#杜蕾斯##
稳得一匹",,,,,,
#杜蕾斯# 李时珍的皮,,,,,,
今天关注了杜杜后意外发现袁老师，怪我来的太晚#袁弘##杜蕾斯##论文案我只服杜蕾斯#,,,,,,
#杜蕾斯#,,,,,,
春的诗人#杜蕾斯#🤙🏻🤙🏻🤙🏻,,,,,,
"#杜蕾斯#
这么骚骚的文案，你可以出道了@杜蕾斯官方微博",,,,,,
#杜蕾斯##杜蕾斯文案##杜蕾斯广告# 多好的文科生，多好的文采啊……卖啥子避孕套阿，当小编屈才喽，去省政府任职秘书长都绰绰有余……@杜蕾斯官方微博,,,,,,
诶哟喂@博士伦隐形眼镜 ，现在卖眼镜的广告都这么666了吗？第一眼还以为是@杜蕾斯官方微博 家的。 #博士伦##杜蕾斯#,,,,,,
"我们不一样！
但都和身体息息相关！
让我们爱上Tea让自己更健康的身体去爱上Sex吧！
#福鼎白茶##奔跑吧##杜蕾斯##论文案我只服杜蕾斯#",,,,,,
"课程中…
5个小时不看手机]#真材实料的Feelo##杜蕾斯#",,,,,,
"伍德吃托克的活动上🎡
吃“烤香肠沾durex润滑液”。我放了三种口味（草莓、芦荟、樱桃）！！除了甜……没什么异常……吃完还有大奖免费送～
durex真的是完胜！！@伍德吃托克 @杜蕾斯官方微博 #伍德吃托克##杜蕾斯##论文案我只服杜蕾斯# 2北京·当代Moma艺术园区",,,,,,
#杜蕾斯# 超薄尊享三合一装避孕套 59元 (赠紧型超薄4只）,,,,,,
"杜蕾斯又出来撩人了
已被圈粉
好想认识他们家文案喲
#论文案我只服杜蕾斯##杜蕾斯#",,,,,,
为被杜蕾斯调戏过的品牌报仇#杜蕾斯##妇炎洁私密平衡乳酸抑菌片# 2深圳 · 光明新区,,,,,,
"第二次收到货
准备跟兄弟分享下
yes~果然是好兄弟！！ #真材实料的Feelo##杜蕾斯# O网页链接",,,,,,
"【早安，看文案】

绿萝

像你，
有水就能生长。

——杜蕾斯宣传文案

#年度最佳诗人# #杜蕾斯#",,,,,,
#UI##Lemon##锤子科技2018春季新品发布会##杜蕾斯# 锤子科技的新品发布会一连调戏20个品牌，但跟杜蕾斯相比，姜还是老的辣啊！哈哈哈！,,,,,,
#杜蕾斯# 简直是文案界的鼻祖。。,,,,,,
希望大家都能用杜蕾斯来结束忙碌的一天，晚安。#杜蕾斯##内涵##谜之微笑##搞笑合集##套路满满##段子#,,,,,,
"现更以红色呈现。
#红色iphone8##红米Note5##杜蕾斯#",,,,,,
"“杜蕾斯的诗”
#广告##杜蕾斯#",,,,,,
#克莱鹏##Smoant##vape电子烟##电子烟##杜蕾斯# （此处省略一万字）@蒸汽巴士电子烟 @蒸汽邦 @万雾_VAPE_Magazine @蒸纪 @PE蒸汽 @17vape部落论坛 @蒸汽巴士电子烟 @克莱鹏_Kroe @大蒸汽家 @道森蒸汽 @LeakOne獵雲社 @LetsVape威普侠蒸汽电子烟俱乐部 @三土蒸汽-电子烟评测师 @vapebar蒸汽大师 展开全文c,,,,,,
#杜蕾斯#《杜蕾斯败了！阿里新广告污力值MAX！》 #爆款解剖学##阿里# O杜蕾斯败了！阿里新广告污力值MAX！,,,,,,
"我这么一个人，
哪懂什么喜欢，
说着笨拙的话，
做着傻傻的事，
听着你爱的歌，
想着好看的你。

我这么一个人，
为了喜欢的你，
通红着脸，
问了好多个问题。

#杜蕾斯# 2抚顺 · 工农街区",,,,,,
学了几首时髦的诗 #杜蕾斯#,,,,,,
"#杜蕾斯#
始于1929年,全球知名避孕套品牌
超实惠量贩情趣装，给你7种不同的体验与享受
秒杀只剩两天啦！
O网页链接",,,,,,
#杜蕾斯# 杜蕾斯出诗集了，你会买吗？ 2洛阳 · 周山路街区,,,,,,
"清明节初雨润后，竹林间小径通幽。
竹笋悄悄冒出头，撞见初阳惹娇羞。

《羞涩的春》－太早#杜蕾斯##春##踏青##绵阳##商丘##诗词##原创诗词##清明去哪儿# 2商丘",,,,,,
@冯提莫 #杜蕾斯#广告L全球娱乐趣事的秒拍视频 哈哈哈哈这还是你认识的冯提莫吗？ @全球娱乐趣事,,,,,,
#杜蕾斯# 跟着小哥哥的路线走！使用说明书甩起来！,,,,,,
#跳伞美图##杜蕾斯# 骚年@宇航员阿拉 200跳庆祝，羞羞的问，拿的是气球吗？@杜蕾斯官方微博 值得信赖！,,,,,,
偷偷应聘一波杜蕾斯#杜蕾斯#,,,,,,
"薄
韧
透
润
———DB玻尿酸安全套#欧冠1/4决赛##杜蕾斯##DB避孕套和紧致液##崔智友结婚# LDB避孕套和紧致液的秒拍视频",,,,,,
"滴滴精华爱液，浓浓爱意满满！
———DB玻尿酸安全套！#DB避孕套和紧致液##崔智友结婚##杜蕾斯# O网页链接",,,,,,
"清澈透明，薄如蝉翼
———DB玻尿酸安全套！#崔智友结婚##DB避孕套和紧致液##杜蕾斯# LDB避孕套和紧致液的秒拍视频",,,,,,
#杜蕾斯#,,,,,,
每次在超市看到#杜蕾斯# 的产品，都是那种一眼看上去让人想用一下的那种包装。,,,,,,
这肯定是2018科技含量最高的一款APP#愚人节# #杜蕾斯# 你的失败都被我完美解决,,,,,,
"愚人节，拒绝杜蕾斯，真枪实弹来表白@杜蕾斯官方微博 我保证我就只蹭蹭
#杜蕾斯##表白##愚人节##愚人节,我们来真的##愚人节，敢不敢来真的##愚人节，就让我认真一次##校你妹#",,,,,,
一切皆有可能，只要想到就要做到。#杜蕾斯# @杜蕾斯 愚人节快乐！,,,,,,
来，咱们直接点，就说今天你们想怎么玩吧！#愚人节##整蛊##派对##口红##口交##iPhone##酒吧##杜蕾斯# @微博助手 @深圳吃喝玩乐生活 @深圳潮流情报 @深圳酒吧攻略网 @深圳潮生活 2深圳·蛇口海上世界,,,,,,
刚刚好的爱情，是什么声音？#杜蕾斯# 广告创意,,,,,,
#KT表白体# #KT表白体# 被@杜蕾斯刷屏一整夜的你们，还好吗？。3月29日聊聊曼思，MS想给你一抹幸福的红。#张继科##景甜##樱花##杜蕾斯#,,,,,,
#执象资讯#如今，做内容和做营销的逻辑越来越趋同，广告也是用户体验的一部分，所以内容营销这个概念流行起来。用户在哪里、如何找到TA、如何展现自己、如何抢占先机、如何感知用户，这五个节奏对内容创业者来说很重要，对有广告投放需求的企业来说也是如此。自社交网络崛起，社会化营销应运而生，不管 展开全文c,,,,,,
请大家多多指教#德蔓玻尿酸##无痛玻尿酸##杜蕾斯#,,,,,,
#生活##广告文案##杜蕾斯# 我一生中的许多经历，都不想重过。但是如果时光倒流，我愿在时光倒流中停止，在停止中死去，我若能长眠在她怀里，我就宁愿不活十三岁以后的我了。——李敖的几乎最美的初恋情书🙏,,,,,,
外地客人 做的生发效果图#脱发##生发##杜蕾斯##北京# 2天津 · 财富星座,,,,,,
男人30岁了，应该要处于什么样的状态？ #杜蕾斯# #男人# #营销观察##广告# L广东顺德酒厂有限公司的秒拍视频,,,,,,
杜蕾斯算是做到了这个行业的典范#杜蕾斯##美赞臣#,,,,,,
🔥不同的圈子用不同的方式，用游戏的方式pk业绩，天天开心趣味赚钱，这点子超赞！#杜蕾斯# L小辣椒-闺秘mall的秒拍视频,,,,,,
🔥闺秘Mall这回只玩大的了[得意]#杜蕾斯# L小辣椒-闺秘mall的秒拍视频,,,,,,
"#地球一小时##杜蕾斯#
老司机杜蕾斯 海报设计
看的肉松老脸一红#成都·维欧艺术联盟·成都校区[地点]#",,,,,,
#特朗普·唐纳德##杜蕾斯#,,,,,,
#杜蕾斯# 谁可以告诉我为什么很多酒店都用@杜蕾斯官方微博 的套套？还有这两款套套使用上感觉有什么不同？！ 2福州·福建医科大学(台江校区),,,,,,
今晚，一起为地球熄灯一小时#杜蕾斯# @思埠吴召国,,,,,,
#杜蕾斯# 这个图杜蕾斯没发过，趁机抹黑啊这是，快辟谣吧@杜蕾斯官方微博,,,,,,
哎呦，评论有点少儿不宜，谢谢所有顾客的好评。你的好评是我们前进的动力！#让你欲罢不能Feelo##杜蕾斯#,,,,,,
#对我说句心里话#sh1d5杜蕾斯广告为女性发声《我要疼爱，不要疼痛》！#杜蕾斯##新年新套路##经典幽默搞笑视频##搞笑视频共享# 搞笑视频共... L搞笑视频共享的秒拍视频,,,,,,
"投资论#杜蕾斯#
投资项目和买房一样，图一:规划前:你说啥也没有太偏了😂图二:建设时：你说再等等吧，我只买现房[发抖]图三:交付后:你说这楼盘好火，可以没有你的位置了！选项目又何尝不是呢？开盘前，你说谁会去做这个呀。开盘时，你说再看看吧，有起色了我再来。最后，项目火了，可惜没有你的位置 展开全文c",,,,,,
"传说中的顶级八字奶，这波多少分！
vx:boyuyu123321#杜蕾斯#",,,,,,
害羞的样子很可爱#杜蕾斯#,,,,,,
笑的真甜啊看我主页啊#杜蕾斯#,,,,,,
等你爱我，哪怕只有一次，我就足够。@杜蕾斯官方微博 #杜蕾斯#,,,,,,
#于显旭的美丽# 手术结束吃午饭，不过这吃大骨头的工具着实让我惊讶，#杜蕾斯# 版一次性手套，我还是选择徒手吃吧，不然总有种莫名的奇怪！,,,,,,
"#杜蕾斯#
杜蕾斯 避孕tao组合装36只 ￥29.9,超 值36只装，夜的寂寞~你懂什么~",,,,,,
"#杜蕾斯#
杜蕾斯 避孕tao组合装36只 ￥29.9,超 值36只装，夜的寂寞~你懂什么~",,,,,,
#杜蕾斯##小7的秘密#有了它，让你在需要时每分每秒都是老司机飙车状态。,,,,,,
"秘图#mitures##社交#领域中的#杜蕾斯#
19 世纪英国著名小说家安东尼·特罗洛普曾经说过：
「习惯这个东西，具有水滴石穿的力量。一件微不足道的日常小事，如果你坚持去做，就能胜过那些艰难的大事。」
当你更好地养成自己的早晨习惯，足以改造你的整个人生。",,,,,,
"关注的时候笑了出来#杜蕾斯#
买的一手好操作啊",,,,,,
#今日贴纸打卡##杜蕾斯# 策划案差点就这么交上去了，奉劝各位务实最好，P图有风险啊，我他妈笑尿了，Hhhhhhhhhhhhh~,,,,,,
分享图片#阴阳师# #阴阳师手游# #阴阳师百绘罗衣# #杜蕾斯# #杜蕾斯文案# @阴阳师手游同人帐 @网易阴阳师手游 @杜蕾斯官方微博 2018阴阳师&杜蕾斯最近联动，记的请我喝喜酒。,,,,,,
情趣师年收入26万│杜蕾斯爱情“薄物馆”上线│2018年墨西哥成人展O情趣师年收入26万│杜蕾斯爱情“薄物馆”上线│2018年墨西哥成人展 #情趣研究院# #夫妻情趣调情# #情趣用品# #杜蕾斯#,,,,,,
"揭秘㊙️v7®️plus安全套#杜蕾斯#
生产过程2⃣️

被取下来的套，属于生乳胶，套套也需要补钙的，进行硫化处理，先脱水，再加热，让套套变得更强壮！更结实！更有弹性！

补钙之后，套套需要休息一两天，等待检测‼️‼️ O网页链接",,,,,,
"揭秘㊙️v7®️plus安全套#杜蕾斯#
生产过程1⃣️

仅仅第一步，这一套设备价值两千多万！
一根根模具被缓慢浸没在恒温的乳胶液中，缓缓的拉起，旋转，让乳胶均匀的覆盖在模具表面。并且重复3次。 O网页链接",,,,,,
#艾芙尼# #杜蕾斯# 今天我休息一天，你上！！！@杜蕾斯,,,,,,
#杜蕾斯# 有诚意，哈哈 2上海 · 北新泾,,,,,,
ztylus红蓝buff大对决，各种怼💪💪💪#思拍乐##杜蕾斯# @杜蕾斯官方微博 2上海 · 梅陇镇,,,,,,
"贴心的儿女
Feelo也很适合中老年人食用，对中老年人面临的皮肤老化、关节酸痛、肥胖、夜尿、尿遗、畏寒等问题都有很好的修复和调理作用~你想问什么原理？！问我就对了
所以Feelo也是送给家人的最好礼物哦！🎁🎁#feelo西班牙运动能量糖##杜蕾斯##陶白白星座爱情论#",,,,,,
用#杜蕾斯# 蹭热点,,,,,,
"#杜蕾斯# 传说中的KY, 好吧，说实话买来是做医学灌肠用的，不过，也可以发挥一下它的主要功能",,,,,,
#案例特写#【杜蕾斯爱情薄物馆，连骗我上床都这么文艺 】#杜蕾斯##爱情薄物馆#- 益闻网_活动策划灵感站_活动方案_活动创意_营销传播_公关活动执行干货 O网页链接,,,,,,
2018韩范夏季新品女装人偶印花拼色竹节棉学院甜美短袖T恤闺u2018韩范夏季新品女装人偶印花拼色竹节棉学院甜美短袖T恤闺u春季上新啦！满199减15，满299减25，满300减30元！！！ 快来抢购吧#杜蕾斯# 2宜春 · 南庙乡,,,,,,
#搞笑##杜蕾斯##植树节# 原谅薯片，了解一下。,,,,,,
#杜蕾斯# 【杜蕾斯和他的小伙伴们】快停车(╯‵□′)╯︵┻━┻ 这不是开往幼儿园的校车杜蕾斯和他的小伙伴们,,,,,,
"嗯，现在天气暖和了，jiaopei的季节到了，今天晚上跟同学聚餐，她说，最近杜蕾斯#杜蕾斯# 都是她买，买个10只装的，然后摔给男朋友，严厉呵斥:一周内把它用完。@杜蕾斯官方微博
我想了想自己，然后默默地打开京东，因为我找不到男朋友，我觉得我从京东买的男朋友，一周肯定用的完10只杜蕾斯#杜蕾斯# 展开全文c",,,,,,
杜蕾斯教你撩妹#论文案我只服杜蕾斯##杜蕾斯#,,,,,,
我随身带个杜蕾斯是为了做这些事#搞笑# #杜蕾斯# L爱搞笑的小明同学的秒拍视频,,,,,,
#杜蕾斯##冈本#,,,,,,
#杜蕾斯# #创意# 杜蕾斯之用爱发电 L暴走的蒋汗三的秒拍视频,,,,,,
还有没有王法了，还带声音，给你们能耐坏了！#黑豹##杜蕾斯# @杜蕾斯官方微博 @猫眼电影,,,,,,
"#杜蕾斯##京东#
爱情薄物馆",,,,,,
"好咯
为了拿到入场券@杜蕾斯官方微博
#杜蕾斯##杜绝胡说##薄物志#",,,,,,
#杜蕾斯# 的广告，污……,,,,,,
"#杜蕾斯#
【34.9元】杜蕾斯 超薄避孕套组合装32只，晕车的禁止上车！",,,,,,
"#杜蕾斯#
【34.9元】杜蕾斯 超薄避孕套组合装32只，晕车的禁止上车！",,,,,,
"#杜蕾斯#
杜杜真行，总出精品…文案@杜蕾斯官方微博 2长沙 · 麓谷",,,,,,
#杜蕾斯#,,,,,,
#杜蕾斯#,,,,,,
#杜蕾斯#,,,,,,
"#杜蕾斯#有位同事跟我说：“有经历就会有更深体会，所以每次看杜蕾斯的微博都觉得如沐春风，身临其境，你觉得呢？？”
......
我：“我单身，你觉得呢？”",,,,,,
真的就服你家运营#杜蕾斯# 2绍兴,,,,,,
#妇女节#先有你，没用它#杜蕾斯#才有了我,,,,,,
"有你財旺 節日快樂
致 孕育萬物的女性
今日 愉快 今夜更""汪""
@杜蕾斯官方微博
#女神节##妇女节# #杜蕾斯#",,,,,,
"都说杜蕾斯的广告牛
什么节日热点都能靠上
这个我怎么看不懂 #杜蕾斯# 2天津 · 财富星座",,,,,,
帮大家把男人们带走了，女神们可以安心逛逛逛，买买买晚上男人们举起Feelo给你们助性#feelo西班牙运动能量糖##杜蕾斯#,,,,,,
#杜蕾斯# 3.8妇女节海报！创意灵感还可以这么心有灵犀！,,,,,,
"WOMEN，WO MEN
相隔6年，相见恨晚～
@杜蕾斯官方微博
#三八妇女节# #三八女神节#
#女神节# #女神# #杜蕾斯#",,,,,,
"杜蕾斯刷爆全网的妇女节文案难道不是“借鉴”中国国际女性影展？

#杜蕾斯##妇女节#",,,,,,
开着高速我弟想出来个广告#女王节# 杜蕾斯拿走不谢#杜蕾斯# @杜蕾斯官方微博 2长春 · 米沙子镇,,,,,,
"每到特殊时期
或者特殊事件
都会坐等@杜蕾斯官方微博 的文案
不晓得今年3.8
杜蕾斯的灵感会是啥
#杜蕾斯#",,,,,,
分享一组自己的买家秀#荔枝网拍##三亚最好的摄影工作室##杜蕾斯#,,,,,,
#杜蕾斯# 问卷调查，假如让你买一件外套，你会在淘宝的搜索框内输入什么字？？？#微博橱窗# 刺绣牛仔外套短款宽松长袖字母花刺绣新款韩版chic外套女百搭学院 2宜春 · 南庙乡,,,,,,
#杜蕾斯#借势#奥斯卡#热点的海报真心不错，不愧还是那个我们熟悉的小杜杜。如果奥斯卡能新增一个“最佳热点借势奖”，或者“最佳文案奖”，那一定是属于你。不信，你看对比的几个版本，结果显而易见。O网页链接,,,,,,
"#奥斯卡# “最佳热点借势奖”属于#杜蕾斯#
O网页链接",,,,,,
#杜蕾斯# #创意# #文案# 发布了头条文章：《比杜蕾斯还污？2018元宵节创意海报，各路商家“弯道超车”》 各家“杜蕾斯式”创意海报，既巧妙又污的没边... O比杜蕾斯还污？2018元宵节创意海报，各路商家“弯道超车”,,,,,,
昨天#奥斯卡#杜蕾斯连发四车...... #杜蕾斯# 用完之后你们要结婚吗#婚礼策划# 2杭州,,,,,,
"今晚的视频被邻居的叫床声打断了。。。两次



#杜蕾斯# LMJ诺慕之的秒拍视频",,,,,,
#杜蕾斯# 【杜蕾斯和他的小伙伴们】快停车(╯‵□′)╯︵┻━┻ 这不是开往幼儿园的校车 杜蕾斯和他的小伙伴们,,,,,,
"#杜蕾斯# 这是你们的新营销方式吗
让人偶遇杜蕾斯？？！！ 2广州",,,,,,
"#策划##杜蕾斯#
元芳，你怎么看？",,,,,,
元宵节海报，这回感觉杰士邦胜过#杜蕾斯# 。,,,,,,
"杜蕾斯一下子省了好多的广告费
#搞笑视频##杜蕾斯##杨颖# L夏天洲的秒拍视频",,,,,,
"请兄弟们吃元宵~~
祝大家2018心想事成，永葆性福#feelo西班牙运动能量糖##杜蕾斯#",,,,,,
"乱入境西班牙风干的肉片🍖 生吃~ 可惜带不了太多，下次有机会带回来送给我们忠实的F粉

2018新的卡片：
感谢亲 在我寻梦的旅途
给与的支持 鼓励与关爱#feelo西班牙运动能量糖##杜蕾斯# L妃乐糖果的秒拍视频",,,,,,
O他用正确的方式撸管每次30分钟 蛇鞭粉胶囊#杜蕾斯##冈本##轻SM##江苏#,,,,,,
#杜蕾斯#听说跟着你能学好广告学 2湛江 · 湖光镇,,,,,,
#避孕套##安全套##超薄更持久##杜蕾斯#杜蕾斯大胆爱吧安全套。超薄，跟没套一样！尽情尽兴秒杀，3只装10.8元O网页链接,,,,,,
"♡⃝ 道道团队两性小知识
做暧是一件美妙的事情，看到这个我很不开心，希望大家多做暧~#魏道道团队##杜蕾斯# 2南安 · 英都镇",,,,,,
"轰焦冻我的英雄学院#杜蕾斯# 偶然看到某位大大的本子，此画面如此撩拨，引发联想，遂进行了艺术加工。很适合了。
纯属个人yy，诸位开心就好。",,,,,,
#杜蕾斯#,,,,,,
hey兄弟 你东西掉了#杜蕾斯#,,,,,,
"♡⃝ 道道团队两性小知识
很多人对于短效避孕药有误解，其实主要是没有区分“紧急避孕药”和“短效避孕药”。短效避孕药对于女性好处还是很多的，比如下面这些👇#早泄##魏道道团队##杜蕾斯# 2南安 · 英都镇",,,,,,
#杜蕾斯# 大气的主办方安排,,,,,,
"看了那么多品牌
借势#苹果发布会#的海报
亮点不在 #杜蕾斯#
竟然是
#马应龙 治痔家族#",,,,,,
"♡⃝ 道道团队两性小知识
不知从什么时候开始，六味地黄丸就成了男人的专属药品了，什么夜尿多、阳痿、早泄都吃六味地黄丸。其实六味地黄丸最开始是给小朋友吃的，并且不能乱吃[发呆]#魏道道团队##杜蕾斯# 2南安 · 英都镇",,,,,,
#杜蕾斯# 天猫退款后，我到京东看了，有新旧包装更换的提示，但只有正面图。提示2.喷码位置改变，页面没给出图片。于是我就询问客服怎么变，客服回复新包装在底部，老包装在背面。我还再次确认了。然而我收到的货从正面看是新包装，然而喷码却是在背面。可见“新老包装更换期间，仓库随机发货”这句话 展开全文c,,,,,,
#杜蕾斯# 去写文案么,,,,,,
iPhone#杜蕾斯# 杜蕾斯的文案太牛逼了，除了图之外，注意看文字，进两步深入 2上海 · 陆家嘴,,,,,,
#杜蕾斯#,,,,,,
"#杜蕾斯iphone文案#
还是#杜蕾斯# 牛逼！！！ 2长春 · 红旗街",,,,,,
"♡⃝ 道道团队两性小知识
不仅有“产后抑郁”，婚后还很容易出现“婚后抑郁”哦~#魏道道团队##杜蕾斯# 2南安 · 英都镇",,,,,,
"生命诞生前的防丢找回，请联系@杜蕾斯官方微博
生命诞生后的防丢找回，请联系@movtrac美仟刻

美仟刻向我们的同行@杜蕾斯官方微博 致敬！

#杜蕾斯##杜蕾斯iPhone文案##不用买电话卡的防丢定位器#

更进一步：movtrac.com",,,,,,
"dunex开车：“就是她，每年都会给她拍一套”
儿童摄影店铺当然推荐「Baby Hous」
#苹果发布会# #新iPhone发布# #杜蕾斯##儿童摄影#成都儿童摄影 #成都#",,,,,,
"#苹果发布会# #新iPhone发布# #杜蕾斯#
开拍了吗",,,,,,
2北京·北京鹏龙大道奔驰4s店，#####杜蕾斯#####新iPhone发布##杜蕾斯iphone文案# 2北京·北京鹏龙大道奔驰4s店,,,,,,
发布了头条文章：《“流水”的发布会，铁打的#杜蕾斯# 文案。》 O“流水”的发布会，铁打的#杜蕾斯#文案。,,,,,,
#杜蕾斯##双卡双待#论借势，杜蕾斯果然没让人失望。,,,,,,
#苹果发布会##杜蕾斯# 蹭热度表示只服杜蕾斯,,,,,,
#杜蕾斯##iphone# 2石家庄 · 振头街区,,,,,,
论蹭热点，我真的真的真的只服#杜蕾斯# 文案！来来来！新一波的#新iPhone发布# 的双卡双待！,,,,,,
苹果发布会#杜蕾斯# 的文案从来没让说姐失望过😂😂😂,,,,,,
文案就服#杜蕾斯#…,,,,,,
#杜蕾斯##iPhone双卡双待# 论文案，我只服杜蕾斯,,,,,,
#2018苹果秋季新品发布会##杜蕾斯# 你妹的，天下武功唯快不破,,,,,,
杜蕾斯的每次广告都那么快准狠#苹果发布会##杜蕾斯#,,,,,,
"♡⃝ 道道团队两性小知识
都说快餐属于“垃圾食品”，那么常吃快餐对怀孕有什么影响呢？#杜蕾斯#搞笑内涵图 2南安 · 英都镇",,,,,,
坑爹……#杜蕾斯#搞笑内涵图 2南安 · 英都镇,,,,,,
杜蕾斯官微怎么这么优秀#杜蕾斯#,,,,,,
"♡⃝ 道道团队两性小知识
代表女人再说一次，大小真的不重要，时间和硬度才是最重要的~搞笑内涵图#杜蕾斯# 2南安 · 英都镇",,,,,,
"#杜蕾斯#
这广告也是绝了",,,,,,
#力仕邦#安全套#杜蕾斯# @杜蕾斯官方微博 O网页链接,,,,,,
想买这本书学习一下#魏道道团队##杜蕾斯#,,,,,,
发布了头条文章：《杜蕾斯文案月薪5w？海底捞的危机公关恐怕值10万》#杜蕾斯# #海底捞# #危机公关# O杜蕾斯文案月薪5w？海底捞的危机公关恐怕值10万,,,,,,
#杜蕾斯##刘强东事件目击者##王思聪删微博# 这一波很6,,,,,,
"网易云音乐最佳创意奖 O网页链接 (@网易云音乐)
走过路过不要错过！！杜蕾斯创意！！#杜蕾斯##网易云音乐#",,,,,,
"❥ 道道团队安太医反馈
一个小时各种姿势各种嗨 有了安太医想时间短都不可能的 直接做到你不要不要的为止💦#杜蕾斯# 2南安 · 英都镇",,,,,,
"#黑马营销##杜蕾斯#
不知道是不是真这么神奇，不过即使是品牌营销手段也算蛮厉害的。杜蕾斯总是有他神奇的脑洞… L许群的秒拍视频",,,,,,
#杜蕾斯#怎不做个东哥的文案出来,,,,,,
"这一刻的想法：

一直觉得杜蕾斯的文案很有创意并且健康，但这次的学生书包？课本？ …
嗯 觉得舒服吗？ 🙃

#杜蕾斯#",,,,,,
"道道团队是情趣微商第一的团队
一个团队能发展四年靠的是产品安全高效
代理能真正出单赚到钱 两性大健康产品是未来的大趋势 延时产品我们有安太医 调理有咖啡 玛咖 还有器具类 调情的震动棒 创意套套
有眼光的你不要眼看着了 行动起来你也是这批赚到钱的人#魏道道团队##杜蕾斯# 展开全文c",,,,,,
杜师傅的开学借势#wellminds创意工作室##创意##wellminds发现##杜蕾斯#,,,,,,
即便是到了中元节也不忘借势的品牌们纷纷自行加入这场中元节海报比赛，尽管冠军奖杯从未离开过杜蕾斯。#杜蕾斯##杜蕾斯蹭热点# #杜蕾斯海报# #借势##借势营销#O网页链接,,,,,,
"✰ 男人撸啊撸的危害‼️
手淫1次，能减杀性欲3—7天，有过频繁手淫的人，他的生殖系统及性能力一定很差，并伴随着阳痿、早泄、遗精，早衰及生活力不足，脱发、脑力衰弱等各种症状！
一旦频繁手淫，阴茎海绵体受损，是不能自己修复的，受损不仅导致时间变短，硬度下降，甚至导致阴茎萎缩，越来越小！ 展开全文c",,,,,,
文案只服杜蕾斯，业界翘楚啊#杜蕾斯#文案,,,,,,
《#冯提莫#代言#杜蕾斯#被问是否使用过，#冯提莫#7字回应！网友：霸气》 O冯提莫代言杜蕾斯被问是否使用过，冯提莫7字回应！网友：霸气,,,,,,
《#冯提莫#代言#杜蕾斯#被问是否使用过，#冯提莫#7字回应！网友：霸气》 O网页链接,,,,,,
shunxu01杜蕾斯广告短片：厚薄有度。 想去杜蕾斯上班了~【B站搬运】#杜蕾斯# L网络大银幕的秒拍视频,,,,,,
"#杜蕾斯#
翻看了杜蕾斯的官方微博，文案好的简直不要不要的，龙头老大就是不一样！
没什么事是一个避孕套解决不了的！",,,,,,
#七夕# #杜蕾斯# #杰士邦# #冈本# 今夜电力十足还是...挑灯夜战？#金日最佳#,,,,,,
#杜蕾斯# 【杜蕾斯和他的小伙伴们】快停车(╯‵□′)╯︵┻━┻ 这不是开往幼儿园的校车 杜蕾斯和他的小伙伴们 2个旧 · 锡城镇,,,,,,
"#杜蕾斯# 丹尼尔
有人说今天是七夕
我说：厉害了
一个晚上杜蕾斯的用量就破了销售记录
@杜蕾斯给你免费打广告、今晚无数男人倒下",,,,,,
今天#七夕#，#杜蕾斯# 小编是跳槽到#360手机#吗？,,,,,,
我还是很喜欢你，纵使多次酒后翻云覆雨，有你何惧！#杜蕾斯#七夕#酒想撩你# @杜蕾斯官方微博 七夕快乐向你表白！,,,,,,
"#饭爷来了# 男男女女们来试戏！
打开你的脑洞，在评论中留下你能想到的
最美情话 / 最土情话
七夕当天，酱厂将抽取3位送出
#饭爷富贵酱# 1份+ #杜蕾斯# 产品1份
@林依轮 厂长快来即兴赋诗啊
#七夕# @杜蕾斯官方微博",,,,,,
"爱只争朝夕
你穿婚纱，我穿雨衣
你为了结婚，我为了造娃
七夕等你爱
#七夕##杜蕾斯#",,,,,,
"#TI8国际邀请赛##杜蕾斯##Dota2#
@DOTA2天辉夜魇",,,,,,
广告创意做的好，广告投放也有一套#广告# #杜蕾斯#,,,,,,
#杜蕾斯# #七夕节# #苏宁#杜蕾斯携手苏宁 浪漫七夕搞事情L上海8G录音棚的秒拍视频（上#秒拍#看我的最新短视频，下载秒拍->O网页链接）,,,,,,
#杜蕾斯#期待七夕广告文案中,,,,,,
知道你们文案很牛了。别出现在朋友圈行么？@杜蕾斯 #杜蕾斯# 2广州·科汇金谷,,,,,,
发布了头条文章：《不妨冷敲阿森纳主场不败》 五大联赛 #O网页链接# #竞彩# #热门# #杜蕾斯# O不妨冷敲阿森纳主场不败,,,,,,
很经典的广告界我认为的大咖#杜蕾斯# 企业的#广告# ，甚至可以做到抓实时热点出广告。自己看了就知道。由衷的佩服 O广告中有哪些好的创意?,,,,,,
杜蕾斯#杜蕾斯#,,,,,,
杜蕾斯文案可能已经忘记自己的身份了，只想沉醉在文学的海洋！#杜蕾斯# @杜蕾斯 2西安,,,,,,
你说我们还真的可以合作啊，你要是失败了，没事，我负责，你能看到我嘛？（ps:偷了你一张素材，不要告我）@杜蕾斯官方微博 @杜蕾斯官方微博 @杜蕾斯官方微博 #杜蕾斯##杜蕾斯##七夕礼物##七夕礼物##杜蕾斯# 2小江摄影,,,,,,
#杜蕾斯##一出好戏# @徐峥 @黄渤 @支付宝 @淘票票 你们谁解释下，现在看个电影都这样吗？#就这一刻# 你一个，我一个（一打）开启我们的心花路放之旅呗？抢不到票怎么办，抢到了没人陪着看尴尬不尴尬！,,,,,,
转发并收藏这个性运符，本月就能和喜欢的人过上性生活！#杜蕾斯##爱情麻辣烫的哈妮#,,,,,,
因为在国外，不能参加大广赛，但是还是想给杜蕾斯做两组海报，哈哈，有趣。#杜蕾斯##杜蕾斯2017年大广赛##杜蕾斯Air空气套#杜蕾斯文案 @杜蕾斯官方微博,,,,,,
杜蕾斯杜蕾斯#杜蕾斯# 居然出了一款雪糕……名字叫《冰棒》#杜蕾斯蹭热点#杜蕾斯文案,,,,,,
"我180°地躺，
你90°地坐，
搭一架，
只有一二象限的坐标系。
@杜蕾斯官方微博
你的文案，做了一手好诗
#朝阳生活##杜蕾斯夏日诗集##杜蕾斯# 2朝阳",,,,,,
#冯提莫#推广#杜蕾斯#，被粉丝提问是否用过，一句话怼的粉丝无言以对 O冯提莫推广杜蕾斯，被粉丝提问是否用过，一句话怼的粉丝无言以对,,,,,,
"原来黑色皮筋儿里是这玩意儿，刚好奇非常想拆开看看，废了九牛二虎之力才把上面的毛毛去掉。
我在怀疑这东西会不会和杜蕾斯有啥瓜葛。🌚#杜蕾斯# L皮皮源儿的微博视频",,,,,,
美国疾病控制中心提醒套套不能洗洗重新再用，因为确实有人是这么干的，。不知道国内是不也有人中枪。#避孕套##杜蕾斯#,,,,,,
#同行头条#【在social界的“黄埔军校”工作，是怎样一种体验？】#黄埔军校##环时互动##Social平台##杜蕾斯#- 益闻网_活动策划灵感站_活动方案_活动创意_营销传播_公关活动执行干货 O网页链接,,,,,,
#杜蕾斯#,,,,,,
#冯提莫#继给#杜蕾斯#代言之后，再度登上#男人装封面#，这次更火爆 O冯提莫继给杜蕾斯代言之后，再度登上男人装封面，这次更火爆,,,,,,
#杜蕾斯# 这篇文章很有意思《杜蕾斯，你真厉害！》O网页链接,,,,,,
#杜蕾斯#广告最近超级火爆哟~快来看看乐而不淫的杜蕾斯诗集~想必杜蕾斯的文案小组真是用心良苦，才想得出这种啼笑皆非的文字来！字里行间没有色情的感觉，竟然还带点浪漫和心动！,,,,,,
这么热的天杜蕾斯的营业额会不会有影响？#杜蕾斯# @荣成小马哥,,,,,,
"#杜蕾斯##2018世界杯##俄罗斯世界杯##世界杯吐槽大会#
世界杯过了，男士把该交的公粮交一交嘞！",,,,,,
该骚 该浪 该贱的时候。够骚 够浪。够贱。做事的时候绝对认真。28 经济能够独立 不婚族。丁克 不丑 思想独立。经济独立的。我们试试。四川范围内或者重庆 还有看看我的动态 如果hold不住 就不要浪费自己时间了。#四川##女朋友##丁克族##杜蕾斯# 2内江 · 城西,,,,,,
#杜蕾斯# 听说杜蕾斯跟它更配噢,,,,,,
有看懂的么#套套##杜蕾斯# L锦燕DB套微信DB0520250的微博视频,,,,,,
"#周一围# #戏精牡丹# #杜蕾斯# #周杰伦# 过去的2018上半年，爆款综艺层出不穷，粉丝经济释放出的能量持续走高，娱乐话题的传播效应峥嵘尽显，娱乐营销愈发成为品牌主心中的“香饽饽”。

O玩转娱乐营销5大公司排行榜 | 2018年中盘点",,,,,,
"新生的快乐源泉，是你
#杜蕾斯# #母乳# 儿童摄影 #成都#成都摄影",,,,,,
#营销新玩法#一个月的#世界杯#赛程里，#杜蕾斯#不愧为文案界的扛把子，前前后后追了近20场比赛的热点，许多海报都是根据比赛具体情况而临时制作，常常凌晨3点推文案，堪称劳模！快戳文看世界杯期间杜蕾斯海报及文案合集，简直是羞中带笑，满屏的机智！ O恭喜华帝，但我更爱夜夜笙歌的杜蕾斯！,,,,,,
"杜蕾斯广告短片：厚薄有度。
想去杜蕾斯上班了~【B站搬运】#杜蕾斯# L网络大银幕的秒拍视频",,,,,,
法国夺冠，#华帝#没“慌”。世界杯营销哪家强？意料之中#杜蕾斯#，意料之外当属华帝！押注法国夺冠退全款，决赛夜登上热搜、今日股票开门红，本届“营销世界杯”赢家当属华帝，如何借助热点事件争夺高曝光？向华帝学习>>>O网页链接 观看更多精彩课程，下载优米APP，500+免费好课，600元礼包 展开全文c,,,,,,
啊哈哈 刺激啊～#杜蕾斯##世界杯来啦# O网页链接 2深圳,,,,,,
"#杜蕾斯#
是真的皮",,,,,,
#杜蕾斯# 的文案也是无敌了 2峨眉山 · 峨山镇,,,,,,
杜蕾斯的创意部门永远这么有创意，服气！#杜蕾斯#杜蕾斯,,,,,,
看姿势就很明显，克罗地亚：躺赢！#世界杯# #杜蕾斯#,,,,,,
杜蕾斯你赢了，文案我只服杜蕾斯#法国##杜蕾斯##世界杯吐槽大会#,,,,,,
"不服墙就服杜蕾斯😹

#杜蕾斯##世界杯#",,,,,,
"小杜又赢了
#世界杯决赛##杜蕾斯#",,,,,,
#世界杯决赛# 杜蕾斯预言零比零平！带了套套怎么可能射进去呢！？#杜蕾斯# 2泰安 · 老湖镇,,,,,,
"#世界杯# 广告文案只服杜蕾斯！
今晚的法国对克罗地亚🇭🇷。
谁会是冠军呢？#杜蕾斯#",,,,,,
"#比利时vs英格兰# 历史最佳一次。
#杜蕾斯#",,,,,,
"怎么才能像#杜蕾斯# 一样成功打造出品牌形象呢
可能你要先买一条漂亮的“蕾丝裙”打扮一番吧",,,,,,
开心了实至名归稍后片子奉上！#大广赛##第十届大广赛##杜蕾斯# @杜蕾斯官方微博,,,,,,
#杜蕾斯# 【杜蕾斯和他的小伙伴们】快停车(╯‵□′)╯︵┻━┻ 这不是开往幼儿园的校车， 杜蕾斯和他的小伙伴们,,,,,,
据说，从一个蝌蚪，须用力突围，打破安全防御，方可成为一个宝贝，你突围成功了吗#杜蕾斯# #我想把爸爸买回来# #萌娃养成记# @杜蕾斯官方微博,,,,,,
"不孕有很多原因
也许先天性的，也许因为炎症
不管怎样，用雪莲贴清扫子宫环境
是不会错的，给宝宝一个干净的房子#杜蕾斯##金天国际雪莲贴#不孕不育 2南通",,,,,,
#杜蕾斯#,,,,,,
够薄 才尽兴#大广赛# #杜蕾斯# @杜蕾斯官方微博 L--东东外的秒拍视频,,,,,,
盲打中可以思考的中国建筑师品牌#中国建筑师超话#首先是个人品牌或企业品牌的区分?可谈有关精与专；其次是建筑行业是否存在品牌价值的清晰界定?可谈建筑的研究意义与服务价值；再者有前沿、老资格与纵深产业点上的体系化抑或是点对点之分，可谈产品或市场；然后再看“本体”“本位”“本源”的关键部位 展开全文c,,,,,,
杜蕾斯又出诗集了 被撩腿软#杜蕾斯#,,,,,,
"心想则身想。

想念橙子先生，这个ky我先买为敬。
杜蕾斯#杜蕾斯#",,,,,,
这一脚诡异的射门，明日杜蕾斯 王老吉 江小白的文案又有内容了#世界杯##杜蕾斯#,,,,,,
"不服来战#杜蕾斯##搞笑#
套套就服杜蕾斯",,,,,,
"#杜蕾斯#
我是假冒杜蕾斯小杜诗人 2合肥 · 烟墩街区",,,,,,
"#VIS#。#咖啡店##壁画设计# 。#戏子##包装设计#。 #彩虹糖##大广赛#。 #杜蕾斯# 。
结课快乐吖 [奇異博士][格魯特]",,,,,,
"#喇叭说##2018高考##高考志愿填报##杜蕾斯#
拜托了...学妹...",,,,,,
"西宁公园里拍到的夕阳，感恩生命中所有的遇见这一刻的小时光#在抖音,记录美好生活#美食#杜蕾斯# 2西宁",,,,,,
广告学老师说 #杜蕾斯# 小杜杜每半小时有专人搜索一次关键词 我来验证一下是不是 @杜蕾斯官方微博,,,,,,
"現在你知道我之前的post是搞什麼花樣了吧🥅⚽️🤾🏻‍♀️🤣！
#worldcup##worldcup2018##Durex##football##soccer##足球##kimmylow##劉芷希##刘芷希##杜蕾斯##世界盃##世界盃2018##杜杜#",,,,,,
假装都是我的#杜蕾斯# 2赣州 · 湖边镇,,,,,,
一翻#第十届大广赛# 大部分是#杜蕾斯# 杜蕾斯的广告创意是真的nb，这要怎么干得过,,,,,,
"我在搞什麼花樣啊😂？世界盃一定要湊熱鬧拍攝一些和足球有關的啊🤪⚽️🏆！
#worldcup##worldcup2018##Durex##足球##kimmylow##劉芷希##刘芷希##杜蕾斯##世界盃##世界盃2018# L劉芷希KimmyLow刘芷希KimLow的秒拍视频",,,,,,
#喝彩世界杯##世界杯来啦##世界杯吐槽大会##世界杯# 丹麦队你是戴了#杜蕾斯# 吗？秘鲁队老是射不进去！！！！！！！！！！,,,,,,
"【世界杯借势海报，最服杜蕾斯，神预测5:0！！！】

世界杯昨晚火热开战！首战俄罗斯5:0大胜沙特的成绩你猜对了吗？而就在开赛前，杜蕾斯就已经做出海报神预测俄罗斯5:0！！！就问你服不服！！！ #世界杯# #杜蕾斯#
O网页链接",,,,,,
"#大广赛##杜蕾斯##杜蕾斯Air空气套##杜蕾斯文案#
自制大广赛杜蕾斯视频广告
看完有什么建议留个言👌 LBJ_STAN的秒拍视频",,,,,,
不知道这次杜蕾斯又会因为世界杯出什么文案#杜蕾斯文案##杜蕾斯#,,,,,,
杜蕾斯真会蹭热度 又来恶搞《底特律：变人》海报#底特律：成为人类# #杜蕾斯#,,,,,,
"关于套套，你不知道的那些有意思的文案~#可一达KYD#晓辉性元谈

这个起源于 杜蕾斯 感恩节的广告~#杜蕾斯#

广告很走心，具体见图片广告内容~

然后，可一达我也来凑个热闹:

亲爱的杜杜:
感谢你。

因为有你，
让我轻松掌握4.5个亿的交易。

你的新朋友
可一达KYD

哈哈哈哈~具体内涵老司机 展开全文c",,,,,,
#PotCoin#蹭热度技能毒！#杜蕾斯#策划:咱光蹭不花钱！,,,,,,
"im back！
#杜蕾斯#",,,,,,
"💥💥💥劲爆好消息💥💥💥
🔥DB升级版胶原蛋白套重磅来袭🔥
原来的玻尿酸成份依然保留
#胶原蛋白#
新添加了👇👇👇
❶德国胶原蛋白
❷仿人体皮肤设计
❸催情润滑剂
#杜蕾斯#
贴肤，更柔，更软，更薄
更容易达到高潮
根本感觉不到套套的存在
最重要的是我们套颜值超 展开全文c",,,,,,
#杜蕾斯# 看来要温故而知新才行,,,,,,
弹力十足，巨无霸在线#杜蕾斯# @李白你不要太坦白 @灿烈AN,,,,,,
"#第十届大广赛#找了对准情侣演一下牵手的动作，因为知道是有关杜蕾斯，说我是个神经病
说这样会让女的名声有所损坏

是因为有了杜蕾斯这个标签所以有色看待？
#杜蕾斯#",,,,,,
"在很多人还在纠结要不要喝胶原蛋白的时候#杜蕾斯#
DB安全套已经让很多女性的私处喝上了胶原蛋白#胶原蛋白# 2杭州 · 信义坊",,,,,,
#杜蕾斯# 杜蕾斯的广告，不服不行,,,,,,
谁都不服就服小杜#杜蕾斯# 2蚌埠 · 小蚌埠镇,,,,,,
"如此好的文案！👇
【贝店精品】
杜蕾斯

#杜蕾斯#杜蕾斯#杜蕾斯夏日诗集#2上海·杜蕾斯总部#论文案我只服杜蕾斯##杜蕾斯文案##@杜蕾斯官方微博##杜蕾斯超级品牌日##杜蕾斯春日诗集# 2苏州 · 万达广场",,,,,,
发布了头条文章：《成人测试| 全国“成人”高考，作答开始》#高考加油# #考试# #测试# #杜蕾斯# O成人测试| 全国“成人”高考，作答开始,,,,,,
#高考 杜蕾斯#《这次高考热点的海报，杜蕾斯得了个“0分”》 #电商干货# O这次高考热点的海报，杜蕾斯得了个“0分”,,,,,,
"夕阳很美，文案我只服杜杜#杜蕾斯##在抖音,记录美好生活#这一刻的小时光超级话题",,,,,,
总是不让人失望#杜蕾斯#,,,,,,
#高考##杜蕾斯# 2青岛·青岛广电大厦,,,,,,
#高考加油# 肚肚果然又没有让我们失望#杜蕾斯#,,,,,,
感觉#杜蕾斯# 根本不用请策划！群策群力69,,,,,,
"#NBA总决赛##杜蕾斯#
@杜蕾斯官方微博 是你吗？",,,,,,
#杜蕾斯# @杜蕾斯官方微博 天太热了，下午要去游泳，可惜手臂上有伤口，还好有你。,,,,,,
#杜蕾斯##ofo# 你们这是合作啦吗,,,,,,
"我不污
我只想说#杜蕾斯# durex是一家伟大的营销公司",,,,,,
呢个营销#杜蕾斯##詹姆斯#,,,,,,
有啥亮点 亮点 亮点#杜蕾斯##歪瓜出品# 2宝鸡 · 马营镇,,,,,,
#杜蕾斯# 杜蕾斯的文案就是牛逼，真的是很佩服，脑洞大开我就服你@杜蕾斯官方微博 #我要过六一#,,,,,,
"皮。
有助于在激烈的行业竞争中
拔得头筹
#杜蕾斯##JR 我以为我们领先#",,,,,,
#NBA总决赛# 完美植入#杜蕾斯# 2成都 · 南浦盛宴,,,,,,
服！！ #NBA总决赛##杜蕾斯#,,,,,,
"应该大数据匹配两个人免得做无效社交最新一期
就像黑镜一样一见面， 就知道大家匹配指数，指数低的就不必要，继续了
最新一期来了

还有比如像mou宝那样， 你买过什么，就给你推荐你喜欢的，免得浪费选择时间。
#大数据##杜蕾斯##社交##男朋友##人工智能#",,,,,,
虽然是网友基于今天的NBA比赛，为杜蕾斯做的假的图，并非官方口径宣传，不过吧，这一波，还是挺服的…… #NBA# #杜蕾斯#,,,,,,
六一我在期待杜蕾斯的文案！#杜蕾斯#,,,,,,
@杜蕾斯官方微博 #杜蕾斯# 的文案不得不服，如图,,,,,,
"呆梨顾客暧咖啡反馈
刚开始喝吸收没那么快看不到效果就被骂
第二天硬得受不了不敢出门
赶紧道歉了😂
效果不用怀疑 自己试下就知道

魏道道团队#杜蕾斯#",,,,,,
"#杜蕾斯##加拿大紧急召回部分杜蕾斯# 可能会破！加拿大紧急召回部分杜蕾斯，民众慌了
据加拿大媒体12月28日报道，杜蕾斯Real Feel系列避孕套由于未通过保质期耐久性测试，现被全境召回，并可全额退款。加拿大卫生部发布警告，部分批次避孕套可能会破，此时正值圣诞节期前后，加拿大民众傻眼了。",,,,,,
"薄！不止于手感，重要的是体感！
@杜蕾斯，你们的质量问题却让我们来处理售后问题！
#狮子座天使##杜蕾斯#",,,,,,
#杜蕾斯#Real Feel系列避孕套由于未通过保质期耐久性测试，现被全境召回，加拿大卫生部发布警告，部分批次避孕套可能会破，此时正值圣诞节期前后，加民众傻眼。杜蕾斯官方表示：可全额退款～,,,,,,
#杜蕾斯#Real Feel系列避孕套由于未通过保质期耐久性测试，现被全境召回，加拿大卫生部发布警告，部分批次避孕套可能会破，此时正值圣诞节期前后，加民众傻眼。杜蕾斯官方表示：可全额退款～,,,,,,
"只能选一个，你会怎么选？

魏道道团队#杜蕾斯#",,,,,,
嗯哼，一定是冈本请的水军，跨年正是高峰哎#杜蕾斯##冈本#,,,,,,
"♡⃝ 道道团队两性小知识
路漫漫，希望性教育的这条路我们能够走下去。

魏道道团队#杜蕾斯#",,,,,,
"♡⃝ 道道团队两性小知识
两性关系中，男女解决争吵的方式也有所不同，快来看看你是不是这样？

魏道道团队#杜蕾斯#",,,,,,
"♡⃝ 道道团队两性小知识
很多哺乳动物的丁丁都有骨头，为什么人类的却没有？

魏道道团队#杜蕾斯#",,,,,,
金州杜雷斯组合#杜蕾斯#杰雷布科@金州勇士,,,,,,
#杜蕾斯# 瓷娃娃耶 2重庆 · 回兴街区,,,,,,
"♡⃝ 道道团队两性小知识
夫妻要想长久，跟你在银行的信用分还有关系哦~

魏道道团队#杜蕾斯#",,,,,,
"O你绝对不信:装个app立马省钱

#女装##羽绒服##杜蕾斯##股票##运动# 2苏州·新湘苑",,,,,,
#冬日##杜蕾斯# 杜蕾斯冬日诗集，壁炉写的最美了,,,,,,
吃饺子咯～#杜蕾斯#,,,,,,
杜蕾斯还是那个杜蕾斯。上面是大人的玩具，万一失败了，下面是宝宝的玩具#杜蕾斯#,,,,,,
"闪现
我还没睡
送你们一首歌
就晚安啦
#杜蕾斯# 2南安 · 英都镇 L魏道道团队战略CEO-真真的微博视频",,,,,,
#杜蕾斯# 一家神奇的店 2上海 · 陆家嘴,,,,,,
#宝宝的少女心# 提高国民性生活质量，是我们做成人用品的不懈的追求还不睡觉的你不给个赞？#创业##杜蕾斯##小怪兽# 2无锡 · 茂业天地,,,,,,
"♡⃝ 道道团队两性小知识
男人的蛋蛋跟男人的容貌还有关系？？
#魏道道团队##杜蕾斯# 2南安 · 英都镇",,,,,,
"嘤嘤嘤
还是想在微博上分享一下自己原创的一些平面
#杜蕾斯#",,,,,,
"#杜蕾斯#💓莎士比亚说：“女人是用耳朵恋爱的，而男人是用眼睛恋爱的。”
留住让男人心动的美好，遇见最值得期待的邂逅。📝 2深圳·光明",,,,,,
"♡⃝ 道道团队两性小知识
割包皮是男性常见的手术，费用高吗？

#杜蕾斯# 2南安 · 英都镇",,,,,,
#设计##杜蕾斯##大广赛#,,,,,,
请问这个算是古董吗？当年的厂家还在吗？这个谁见过？@杜蕾斯官方微博 @大象安全套官方微博 @康乐 @全球娱乐趣事 @VintageFactory古董店 @古董鉴定师_胡老师 #避孕套#避孕套#杜蕾斯# 2广安 · 岳池县九龙镇,,,,,,
"♡⃝ 道道团队两性小知识
男性性功能中丁丁勃起是最重要的功能，现在越来越多的人会出现勃起问题，那么勃起问题是什么原因引起的呢？#魏道道团队##杜蕾斯# 2南安 · 英都镇",,,,,,
#杜蕾斯#这节奏，是要全世界都知道你是个不正经的官博呀，喜欢你的不正经，哈哈，不正经地那么可爱@杜蕾斯官方微博,,,,,,
原谅我看到了辣眼睛的东西#杜蕾斯# @杜蕾斯官方微博,,,,,,
xxoo.shop#域名出售##杜蕾斯# @杜蕾斯官方微博,,,,,,
这就是你们想要的？？#杜蕾斯##这究竟是人性的扭曲还是道德的沦丧?##搞笑#幽默,,,,,,
"(,,•́ . •̀,,)
为什么 Feelo 一定要含服呢？
Feelo 是长效型食品，一颗效果可以持续5天左右。除了成分和制造工艺外，很重要一点是，糖糖舌下含服，会通过口腔黏膜的毛细血管壁立即被人体吸收，利用率高达80%呢！嚼碎吃人体最多吸收30%！
大家一定要注意吃糖糖的方法，才能达到最大效用哦！ 展开全文c",,,,,,
大佬果然是大佬啊@杜蕾斯官方微博 #杜蕾斯#,,,,,,
"🔥接下来
请""活好""的开始表演~
为了让活更好，请来一颗Feelo提升内功[机智]

#Feelo与您的美好生活##feelo西班牙运动能量糖##招募代理##杜蕾斯#",,,,,,
#杜蕾斯# 买多了，谁要啊！免费送～～～,,,,,,
没图了！#杜蕾斯#,,,,,,
"#杜蕾斯秋日诗集##杜蕾斯#
文案真的不得了心动心动心动 2茂名 · 新坡镇",,,,,,
"好多反馈，得慢慢发

Feelo运动糖，源自西班牙，原本是用于运动员训练时，保持身体机能的食品，因为效果持久，不含激素、西药以禁药成分，且安全检测通过欧洲食品卫生检验标准，故受到了很多专业运动员的青睐。

在运动领域之外，Feelo还可以让男性在5-7天内都保持体力充沛的状态， 展开全文c",,,,,,
#世界艾滋病日##杜蕾斯# 戴套，出入平安。,,,,,,
"#世界艾滋日#杜蕾斯#杜蕾斯#
你想用哪些姿势把TA们用完",,,,,,
"ʜɪ. ◡̈⃝ 你好，12月
愿你勇敢且温柔
有爱可寻亦有梦可追
2018的最后一个月
冲鸭，加油鸭～#两性情感##陈羽凡##杜蕾斯##微商励志语录早安晚安正能量心语##早安青春# 2云浮",,,,,,
第一次用杜蕾斯#杜蕾斯#,,,,,,
枪腔锵呛这个广告是怎么回事，我没看懂。#杜蕾斯# 和#眼镜# 有什么关联？,,,,,,
来了一对儿情侣学生，把笼子里发情的猫放出来了，差点儿造成灾难性后果。（顺便教育了几句：你们这些孩子，平时也要随身带好杜蕾斯啊）#杜蕾斯# 2太原·太原相思河猫舍 L相思河猫舍的秒拍视频,,,,,,
"看了一早上杜蕾斯写的文案
为什么像诗一样美
#杜蕾斯##文案##爱情# @杜蕾斯官方微博",,,,,,
"你进，她则退
你硬，她则软
攻守自如，步步进逼
猛男武学起手式
——首先你得有暧咖啡[调皮]

#杜蕾斯##魏道道团队# 2南安 · 英都镇 O网页链接",,,,,,
今日大盘的走势像极了竖中指的手势，也像一张创意广告图#杜蕾斯##大盘-个股-趋势-解答#,,,,,,
只能说杜蕾斯的动态和文案配合的相当好杜蕾斯#杜蕾斯#,,,,,,
#杜蕾斯#热刺打切尔西的热区图 就像后入位,,,,,,
让我们开始吧 在激情ing中感受生活乐趣！！#毒液:致命守护者##杜蕾斯# @杜蕾斯,,,,,,
#最设计#今天，独立设计师廣俊在朋友圈称：“我的第一次给杜蕾斯了”。原来，他为“贩夫走卒——当代艺术的市井现象”当代艺术展设计的主视觉，摇身一变出现在#杜蕾斯#的微博上了...头条文章： O我的第一次给杜蕾斯了...,,,,,,
#说明书##杜蕾斯# 给你推送一份你肯定没仔细看过的说明书。。哈哈。。,,,,,,
把#广告# 做的这么有诗意的也就#杜蕾斯# 了#保定身边事# 2保定,,,,,,
#二货做外卖小哥的那些年##杜蕾斯# 看这搭配，熟门熟路，小哥加油，用完了记得给我男友点赞，支持#美团#,,,,,,
#感恩节##杜蕾斯#,,,,,,
#杜蕾斯# 节选《杜蕾斯秋日诗集》细细一看还真有内涵,,,,,,
"#文案匠# 发布了头条文章：《废话不多，冈本001登陆中国市场的广告很…学术！》
#冈本避孕套# #文案# #冈本001# #杜蕾斯#
O废话不多，冈本001登陆中国市场的广告很…学术！",,,,,,
#杜蕾斯 环时分手# 内核是公司文化，表层是微创新,,,,,,
浪的飞起，你懂不懂我！@诺千金lovenote @杜蕾斯官方微博 #麦迪##杜蕾斯#,,,,,,
"杜拉丝(告诉大家一个秘密🤫听说🇯🇵相模sagami0.01好用)： L杜拉丝(告诉大家秘密🤫听说🇯🇵相模sagami0.01好用)
#配音秀#我分享了一个很6的#配音秀#短视频，打开，让你看个好东西。（来自@配音秀APP：O网页链接）#配音秀##避孕套##杜蕾斯##日本##日本代购sagami 相模001避孕套##日本避孕套##sagami##0.01##超薄# 展开全文c",,,,,,
#杜蕾斯#《杜蕾斯老搭档“环时互动”再出神创意!京东卖货文案又火了》 O网页链接,,,,,,
#杜蕾斯##杜蕾斯超薄##性敢冒险家# 各位老司机们，你们的驾（快）照（递）到手了吗?@杜蕾斯官方微博,,,,,,
凌晨四点发来反馈，感受到服用糖糖后的感动#feelo西班牙运动能量糖# ！好多顾客是手里还没吃完，又下单囤起来了#招募代理##杜蕾斯# 购糖微信联系： feelo-candy,,,,,,
O男人的这些床品你有几条 #头条文章##微商#蛇鞭粉胶囊#杜蕾斯#,,,,,,
#杜蕾斯# 杜蕾斯 inxx联名 2北京·北京化工大学新校区,,,,,,
O早泄的原因有哪些 #江苏#蛇鞭粉胶囊#杜蕾斯#热门,,,,,,
为啥要加强敏感度？ @杜蕾斯官方微博 #杜蕾斯#,,,,,,
#杜蕾斯##秋日诗集# 节选,,,,,,
"#平面广告##杜蕾斯#杜蕾斯
杜蕾斯的平面广告真的太厉害了！
O网页链接",,,,,,
优秀！拯救你的约会！ O网页链接 #杜蕾斯# #亲密关系# #爱情# #恋爱# #保险套# #约会# #婚姻# 婚姻 #两性情感# #两性关系##科技# 科技 #互联网# 互联网 #社交媒体# #社交# 展开全文c,,,,,,
#感恩节 杜蕾斯#,,,,,,
#杜蕾斯#,,,,,,
"🔊小宇温馨提示❤️
双十一秒杀活动最后一天咯🎉
全场打7折，7折，7折
初感原价78元，现在只要54.6元
牛鲨延迟喷剂298元，现在只要208.6元
今天错过了，又等到明年了
快点来抢购吧😘😘😘初感避孕套#杜蕾斯#",,,,,,
#杜蕾斯##双十一##日食记#拍了两个“杜蕾斯*日食记”合作款的预售，但是最后下单了其他款，需要的可以私……第二件半价很划算了,,,,,,
泰国避孕套广告短片：完美的《前戏》#杜蕾斯# #娱乐# #薛之谦# #搞笑# #唐嫣# L八卦吐槽帝的秒拍视频,,,,,,
"#杜蕾斯#
一个人自由，两个人洒脱 2北京·朗园vintage",,,,,,
#行业资讯#据业内人士透露，环时和杜蕾斯即将结束7年合作，杜蕾斯开始寻找新agency。这是真的么？环时和杜蕾斯一直是业内合作的典范，每件作品都是广告人学习的标杆，可以说，在大众的印象中，环时和杜蕾斯是划等号的。让我们一起来看看环时和杜蕾斯合作的追热点的作品。#广告# #杜蕾斯# 展开全文c,,,,,,
"京东又双叒叕一口气发布了
30条沙雕广告
条条短小精悍、#文案#直逼人心！

不过，
还记得#京东电器#刷屏的卖货文案吗？
那是把#杜蕾斯#御用团队请来卖货的
如果，
把这两波文案摆一块品读
......
#设计日课# 2北京·北京北",,,,,,
杜蕾斯 #杜蕾斯# #杜蕾斯秋日诗集# 微博视频,,,,,,
发布了头条文章：《写给水果的独白，文案我只服杜蕾斯！》 #杜蕾斯###创意# O写给水果的独白，文案我只服杜蕾斯！,,,,,,
#单身老王#想换个头像，一起啊？#杜蕾斯##王思聪#,,,,,,
尼玛！匀给我一个！#有内涵的视频##美女##杜蕾斯# O网页链接,,,,,,
"杜蕾斯又来捣乱了！有趣的各大品牌万圣节主题广告创意
在杜蕾斯的广告中，给精子设立了“墓碑”，让它们安息……
MINI Cooper的广告在车灯上做文章，看起来高级又抢眼……
麦当劳显然是玩得最high的……你最喜欢哪一个品牌的创意？

#广告##创意##品牌##视觉##设计##营销##市场营销##国外广告##麦当劳# 展开全文c",,,,,,
这广告你们觉得好不好？#情侣##那些嫁给爱情的样子##杜蕾斯# 『杜蕾斯瞬间被秒杀，这个广告堪称年度最佳！』O网页链接,,,,,,
"哈哈～#杜蕾斯# @杜蕾斯

O网页链接",,,,,,
"哈哈哈哈！贱贱的双11小H5广告，老干妈+男人装

#老干妈# #杜蕾斯# #中国设计力量# L小呆xdxd的秒拍视频",,,,,,
#杜蕾斯#,,,,,,
#杜蕾斯#,,,,,,
跟home键说再见 然后take me home?小雨伞可以呀#Ipad##杜蕾斯# 2合肥,,,,,,
#杜蕾斯#,,,,,,
#杜蕾斯# 永不缺席的杜蕾斯,,,,,,
#杜蕾斯#你确定吗？home键有点大,,,,,,
#杜蕾斯#文案只服杜蕾斯,,,,,,
#杜蕾斯#上热搜，上。。。上。。。。上。。。。#单身老王#,,,,,,
#跟home键说再见#此时调皮的杜蕾斯出现了你的home被他承包了#杜蕾斯#,,,,,,
#杜蕾斯# 大批量刚出关的霸道，蓝天白云绿水青山，远离城市喧嚣，给自己心灵一次洗涤与放松。,,,,,,
#经济观察#【追热点？#杜蕾斯#压根不是乐高对手！】虽然杜蕾斯一直被誉为国内广告圈标杆，但是近两年“尬追”操作频现，不少海报的立意也有一定争议。而相比这下，我们很少研究领域内另一位追热点高手——乐高。其实该品牌不但热衷于借势营销，而且往往由 Ogilvy、McCann、Grey 以及各地区精锐本土广告 展开全文c,,,,,,
#杜蕾斯# 2广州 · 嘉禾街区,,,,,,
"2018.10.29

爱，有时候真奇怪呀！

我这么贪吃的人，
宁愿饿着肚子也要把吃留给你。

明明只是出来看一场夜电影，
却兴师动众画了个全妆。

出去玩的时候连自己的航班时间都想不起来，
可遇见你以后只是看了一眼你的航班，
几点几分起飞几点几分降落都记得清清楚楚。

我长这么大再遇到喜欢的人，
难 展开全文c",,,,,,
"♡⃝ 道道团队两性小知识
丁丁很怕疼，男同胞一定要爱护好哦~
#杜蕾斯##魏道道团队##两性# 2南安 · 英都镇",,,,,,
#杜蕾斯# Just For You 2乌鲁木齐,,,,,,
"这个问题挺有意思，男人们怎么选
#杜蕾斯##魏道道团队# 2南安 · 英都镇",,,,,,
杜蕾斯超正经爱情动作片《空气忍术》#杜蕾斯# #墨白影视# 杜蕾斯文案 LMr墨白的秒拍视频,,,,,,
"♡⃝ 道道团队两性小知识
大家都知道肥胖是会影响男性的性功能的，那么肥胖对于精子有影响吗？
#杜蕾斯# 2南安 · 英都镇",,,,,,
"没想到是这个骚操作
杜蕾斯×日食记
四个字
食色性也
#杜蕾斯##日食记#",,,,,,
"为了避免安全套破损...杜蕾斯现在卖安全套附赠小玩具车...以防万一孩子还能有个东西能玩...商业鬼才...

#杜蕾斯# #杜绝胡说# 杜蕾斯",,,,,,
"♡⃝ 道道团队两性小知识
么么哒的时候，吃到口红会不会对身体有害？
#杜蕾斯# 2南安 · 英都镇",,,,,,
#1024程序员节##杜蕾斯# 小杜的文案简直令人感动，连主页背景都是致敬,,,,,,
"差点天真的以为杜杜也要跨界了呢。
#杜蕾斯#",,,,,,
"【比尔·盖茨投资新项目：研发新型避孕套，防性病】据外媒报道，比尔和梅琳达盖茨基金会赞助了一个新项目，研究出了一款新的自动润滑安全套。这种安全套不仅能分泌出润滑液，而且可经受一千次持续“摩擦”，能同时还能降低性传播疾病的感染风险。
#比尔盖茨# #比尔盖茨 避孕套# #避孕# #世界避孕日# 展开全文c",,,,,,
O我所喜欢的性知识分享 #微营销##微商#蛇鞭粉胶囊#江苏##杜蕾斯#,,,,,,
"看错想歪的自己点个赞
#魏道道团队##杜蕾斯# 2南安 · 英都镇",,,,,,
大家看我的阅读理解做的对吗？#杰士邦##杜蕾斯# 2重庆 · 汉渝路,,,,,,
iPhone的刘海屏+安卓的水滴屏，不知道#杜蕾斯# 看了会怎么想！#组装生活#,,,,,,
#杜蕾斯#最服杜蕾斯文案，厉害厉害 2青岛 · 马濠公园,,,,,,
#天猫双11##杜蕾斯# 杜杜各个都出天猫文案了，你还不出，是不是在偷懒了，我觉得你准备的文案应该是：“越性福，越幸福”，@杜蕾斯官方微博 2中山 · 黄圃镇,,,,,,
#杜蕾斯#,,,,,,
#杜蕾斯# #杜蕾斯的文案呢# @杜蕾斯官方微博 晚安。,,,,,,
#杜蕾斯# #杜蕾斯的文案呢# @杜蕾斯官方微博 白底冷色调，应该有人做过吧。,,,,,,
"#杜蕾斯# 人手一份，天天一直在使用中

#男神曹子健#",,,,,,
初感小故事#杜蕾斯##张雨绮离婚原因# O初感安全套内幕 2佛山 · 里水镇,,,,,,
每次都是#杜蕾斯# 碰瓷别人，这次轮到手机界碰瓷杜蕾斯了！我就想问，谁这么有才？,,,,,,
"想问问杜蕾斯招不招文案啊
#杜蕾斯#",,,,,,
"♡⃝ 道道团队两性小知识
为什么单身的人越来越多了？？
#魏道道团队##杜蕾斯# 2南安 · 英都镇",,,,,,
杜蕾斯#杜蕾斯# 我司？？？,,,,,,
论暴跌我只服大A股，论文案我就服#杜蕾斯#！无论当初几个亿，现在都是#“金力”有限，且“做”且珍惜吧#！ @杜蕾斯官方微博,,,,,,
#杜蕾斯# 就属你最秀,,,,,,
"遇到了场最期待的跨界营销案例分析比赛🌚
Zara&杜蕾斯
一场性感冷禁欲成熟lady与幽默风趣老司机绅士的激情碰撞🌚
比赛当天必定全套zara出席
期待一场与你的深度沟通👄
#杜蕾斯##zara#",,,,,,
O你想要很长的丁丁吗？这里都有 蛇鞭粉胶囊#杜蕾斯##江苏##广州##微营销#,,,,,,
今天接到12345电话，说#杜蕾斯人体润滑油# 的产地不是卖家故意为之，是#天猫# 系统的产品参数没有选项。于是联系#天猫# 客服反应，刚开始让我问客服，后来24小时反馈，结果就是道歉，但是还是没改过来。这款产品到底哪里出了问题，为什么要这样隐隐藏藏。#杜蕾斯# 也搞这样的文字游戏，你还会相信#杜杜 展开全文c,,,,,,
#杜蕾斯# 杜杜家的新广告？尺度有点大 O网页链接,,,,,,
"#杜蕾斯# x妮维雅
以后连套路两个字都不敢乱说惹",,,,,,
#杜蕾斯# @杜蕾斯官方微博 英特尔酷睿第九代处理器及i9发布了！杜蕾斯这次怎么没动作？我皮一下~,,,,,,
"#杜蕾斯# #京东#
给文案加点戏",,,,,,
揭秘力仕邦！力仕邦官方伊甸园团长shenyou1313113#力仕邦##男性补肾保健品##杜蕾斯# 2咸阳 · 独李镇,,,,,,
找亮点#杜蕾斯#,,,,,,
#杜蕾斯#有没有朋友可以说说杜蕾斯网络营销现状的几个点呀？作业在赶🙏🙏🙏 2常州 · 薛家镇,,,,,,
今晚趁假期未完；趁还是自由身。来开个房吧😄 可以做自己想做的事，也可以做自己。必要时请带上@杜蕾斯官方微博 #自己##杜蕾斯##亲爱的客栈# 2郑州·郑州尼斯客栈,,,,,,
"#男性# 【肾精亏损为什么会腰痛❓】

腰为肾之府。肾主骨、生髓，肾精亏损，则腰脊失养，致酸软无力，其痛绵绵，遇劳更甚，逸则减轻，喜按揉拒暴力，多为先天禀赋不足。后天又劳累太过或久病体虚，或房事不节，导致肾精亏损，无以滋养腰脊而发生疼痛！
导致男性时间短，勃起障碍，体质下降，病根丛生 展开全文c",,,,,,
"♡⃝ 道道团队两性小知识
这都什么年代了，还有人相信禁欲能延年益寿？
#魏道道团队##杜蕾斯# 2南安 · 英都镇",,,,,,
让开，我也有一张图要蹭一下祖国的热点，69不是#杜蕾斯# 的，69是大家的,,,,,,
国庆年年有，今年不一样。今年红的是杜蕾斯！！杜蕾斯文案#杜蕾斯#,,,,,,